name	lig_cov	poc_cov	lig_name	4A_crit	volume	hull	surface	lid	depth	surf/vol	lid/hull	ellVol	ell c/a	ell b/a	siteAtms	accept	donor	aromat	hydrophobicity	metal	Cs	Ns	Os	Ss	Xs	negAA	posAA	polarAA	apolarAA	sumAA	ALA	ARG	ASN	ASP	CSO	CYS	GLN	GLU	GLY	HIS	ILE	LEU	LYS	MET	PHE	PRO	SER	THR	TRP	TYR	VAL	A	C	G	U	I	N	DA	DC	DG	DT	DN	UNK	simpleScore	drugScore
A_ASD0023_2_1J07_1_desc_P_1	100	9.53275	CL_A_999	1	341.056	416.8	295.04	121.76	16.7857	0.346031	0.292131	454.979	0.0952414	0.209729	64	10	9	23	0.75	0	48	6	10	0	0	2	0	5	5	12	0	0	0	1	0	0	1	1	0	0	1	1	0	0	0	1	1	0	1	3	1	0	0	0	0	0	0	0	0	0	0	0	0	0.427438	0.323537
A_ASD0023_2_1N5M_1_desc_P_1	100	16.3144	IOD_A_14	1	333.056	408.32	334.88	73.44	14.7241	0.402191	0.179859	363.692	0.194294	0.397495	62	9	6	31	0.806452	0	50	3	9	0	0	1	1	4	4	10	0	1	0	1	0	0	0	0	0	0	1	0	0	0	2	0	1	0	1	3	0	0	0	0	0	0	0	0	0	0	0	0	0	0.594594	0.653019
A_ASD0023_2_2HA0_1_desc_P_1	100	14.9237	IOD_A_11	1	348.224	400.32	340.96	59.36	10.9982	0.391656	0.148281	423.381	0.384625	0.663951	61	10	8	34	0.770492	0	47	4	10	0	0	1	0	5	4	10	0	0	0	1	0	0	0	0	0	0	0	0	0	0	3	0	1	0	1	4	0	0	0	0	0	0	0	0	0	0	0	0	0	0.514667	0.486726
A_ASD0023_2_2HA4_1_desc_P_1	23.0769	4.46429	ACH_A_54	1	286.72	329.76	260.64	69.12	10.5148	0.363616	0.209607	226.904	0.388876	0.77464	54	7	5	34	0.814815	0	44	3	7	0	0	1	1	4	4	10	0	1	0	1	0	0	0	0	0	0	0	0	0	0	3	0	0	0	1	4	0	0	0	0	0	0	0	0	0	0	0	0	0	0.573705	0.307394
A_ASD0023_2_2HA5_1_desc_P_1	7.69231	0.202224	AT3_A_19	0	189.888	243.52	155.04	88.48	9.71597	0.326593	0.363338	97.3117	0.330986	0.612759	37	5	4	23	0.810811	0	30	2	5	0	0	1	1	3	2	7	0	1	0	1	0	0	0	0	0	0	0	0	0	0	1	0	0	0	1	3	0	0	0	0	0	0	0	0	0	0	0	0	0	0.443585	0.0480477
A_ASD0023_2_2HA6_1_desc_P_1	100	8.91631	ACY_A_90	1	783.104	815.04	710.88	104.16	18.5602	0.363109	0.127797	2822.21	0.242743	0.550377	127	18	20	62	0.748031	0	95	14	18	0	0	2	2	11	8	23	2	1	0	1	0	0	0	1	4	1	1	0	0	0	3	0	1	0	2	6	0	0	0	0	0	0	0	0	0	0	0	0	0	0.727814	0.813136
A_ASD0023_2_2HA7_1_desc_P_1	100	17.9352	IOD_A_90	1	304.384	354.72	269.12	85.6	10.9471	0.353659	0.241317	269.452	0.335829	0.870576	52	9	7	31	0.769231	0	40	3	9	0	0	1	1	4	3	9	0	1	0	1	0	0	0	0	0	0	0	0	0	0	2	0	0	0	1	4	0	0	0	0	0	0	0	0	0	0	0	0	0	0.459196	0.0338572
A_ASD0031_1_4EAG_1_desc_P_1	4.25532	0.0559649	ATP_C_40	0	686.144	729.92	555.2	174.72	21.2641	0.323664	0.239369	1942.48	0.106226	0.274731	101	13	20	13	0.712871	0	71	17	13	0	0	0	7	5	9	21	3	2	1	0	0	0	0	0	0	3	2	2	2	0	0	1	3	1	0	0	1	0	0	0	0	0	0	0	0	0	0	0	0	0.56033	0.586409
A_ASD0031_6_3KH5_1_desc_P_1	16.6667	1.01092	ADP_A_28	0	633.088	636.96	530.24	106.72	14.9559	0.335018	0.167546	1496.36	0.219996	0.282722	103	14	20	0	0.699029	0	72	17	14	0	0	3	7	4	8	22	1	4	0	3	0	0	0	0	1	0	4	1	3	0	0	1	1	2	0	0	1	0	0	0	0	0	0	0	0	0	0	0	0	0.505816	0.813672
A_ASD0044_2_2DTI_1_desc_P_1	30.7692	0.346021	POP_A_14	0	628.864	767.04	691.68	75.36	16.7666	0.439955	0.0982478	2994.23	0.173719	0.510685	151	28	31	17	0.635762	0	96	27	28	0	0	2	6	14	13	35	2	2	4	1	0	0	1	1	5	1	2	3	3	0	0	2	3	1	2	0	2	0	0	0	0	0	0	0	0	0	0	0	0	0.344276	0.432366
A_ASD0074_1_3F3T_1_desc_P_1	7.27273	0.599027	1AU_A_53	0	683.776	719.04	637.76	81.28	15.6154	0.373081	0.11304	2011.37	0.178568	0.231984	114	19	13	11	0.736842	0	83	11	19	1	0	2	2	2	15	21	2	0	0	1	0	0	0	1	0	1	2	3	1	1	1	0	0	1	0	1	6	0	0	0	0	0	0	0	0	0	0	0	0	0.646917	0.948251
A_ASD0074_1_3F3U_1_desc_P_1	14.2857	2.06568	1AW_A_53	0	604.16	662.08	601.76	60.32	15.2105	0.398411	0.0911068	1784.37	0.171028	0.245855	111	15	14	13	0.756757	0	83	12	15	1	0	2	2	3	14	21	2	0	0	1	0	0	1	1	0	1	2	3	1	1	1	0	0	1	0	1	5	0	0	0	0	0	0	0	0	0	0	0	0	0.659401	0.927729
A_ASD0085_1_1EGY_1_desc_P_1	7.69231	0.100134	9AP_A_80	0	383.488	397.6	313.76	83.84	9.91161	0.32727	0.210865	413.595	0.397321	0.725392	68	8	7	14	0.794118	0	54	6	8	0	0	0	1	1	11	13	2	1	0	0	0	0	0	0	0	0	1	5	0	0	2	0	0	0	0	1	1	0	0	0	0	0	0	0	0	0	0	0	0	0.594177	0.988247
A_ASD0085_1_1EUP_1_desc_P_1	61.7021	13.8974	ASD_A_45	1	626.304	678.88	550.88	128	14.5162	0.351829	0.188546	1949.62	0.301045	0.534851	101	13	12	17	0.772277	0	78	10	13	0	0	1	1	4	15	21	3	1	1	0	0	0	0	1	0	0	1	6	0	0	3	0	1	1	1	1	1	0	0	0	0	0	0	0	0	0	0	0	0	0.696817	0.964374
A_ASD0087_1_2XCW_1_desc_P_1	35.7143	2.61348	GOL_A_14	0	418.752	566.4	375.2	191.2	14.5602	0.358398	0.337571	1563.82	0.32705	0.853478	64	9	13	9	0.671875	0	43	12	9	0	0	1	4	4	5	14	0	2	1	1	0	0	1	0	0	1	2	2	1	0	1	0	0	1	0	1	0	0	0	0	0	0	0	0	0	0	0	0	0	0.265136	0.00689288
A_ASD0087_1_2XJC_1_desc_P_1	42.8571	3.2138	GOL_A_14	0	378.368	511.36	352.16	159.2	15.0306	0.372294	0.311327	907.813	0.156671	0.660238	55	7	9	9	0.727273	0	40	8	7	0	0	0	2	4	5	11	0	2	1	0	0	0	1	0	0	0	2	2	0	0	1	0	0	1	0	1	0	0	0	0	0	0	0	0	0	0	0	0	0	0.39084	0.0487442
A_ASD0100_1_3ZCW_1_desc_P_1	40	0.859368	PEG_A_13	0	714.944	794.88	709.76	85.12	16.4584	0.3971	0.107085	2866.11	0.1301	0.338269	127	19	18	18	0.740157	0	94	14	19	0	0	1	2	11	12	26	3	2	3	0	0	0	0	1	2	0	3	4	0	0	1	0	2	2	0	2	1	0	0	0	0	0	0	0	0	0	0	0	0	0.674079	0.868552
A_ASD0100_1_3ZCW_2_desc_P_1	27.2727	4.24437	EPE_A_13	0	857.984	920.48	794.4	126.08	18.9737	0.370357	0.136972	6176.93	0.39079	0.744206	128	20	17	7	0.726562	0	90	16	20	2	0	2	3	5	13	23	2	1	1	0	0	0	0	2	2	0	2	4	2	2	1	1	2	0	1	0	0	0	0	0	0	0	0	0	0	0	0	0	0	0.705822	0.870178
A_ASD0100_1_4A50_1_desc_P_1	92.3077	72.4278	DQ7_A_13	1	487.68	525.12	467.52	57.6	10.8885	0.383465	0.109689	787.487	0.260933	0.425373	96	16	14	12	0.697917	0	66	14	16	0	0	4	2	4	9	19	2	2	0	1	0	0	0	3	3	0	1	3	0	0	1	1	0	0	1	1	0	0	0	0	0	0	0	0	0	0	0	0	0	0.424015	0.853906
A_ASD0123_2_3O6I_1_desc_P_1	28.5714	1.40581	SO4_A_27	1	68.288	117.92	79.04	38.88	8.4	0.46298	0.329715	16.3298	0.197789	0.321396	20	4	2	0	0.75	0	14	2	4	0	0	0	1	1	5	7	0	0	0	0	0	0	0	0	0	0	0	2	1	0	1	1	1	0	0	0	1	0	0	0	0	0	0	0	0	0	0	0	0	0.124718	0.518561
A_ASD0132_2_2ZB2_2_desc_P_1	40.9091	4.47657	MPD_B_85	1	460.352	521.12	398.4	122.72	14.8486	0.34617	0.235493	892.169	0.215204	0.394586	80	11	17	17	0.675	0	54	15	11	0	0	2	5	6	2	15	1	5	0	2	0	0	2	0	0	0	0	0	0	0	1	0	0	0	0	4	0	0	0	0	0	0	0	0	0	0	0	0	0	0.320869	0.222964
A_ASD0145_1_1CZA_1_desc_P_1	62.5	10.5321	GLC_N_91	1	465.472	518.72	463.36	55.36	11.2925	0.398185	0.106724	734.632	0.253534	0.370989	95	23	24	0	0.578947	0	55	17	23	0	0	3	3	15	3	24	0	1	0	3	0	0	0	0	6	0	2	1	2	0	0	0	6	3	0	0	0	0	0	0	0	0	0	0	0	0	0	0	0	0.0870363	0.756688
A_ASD0145_1_1HKB_1_desc_P_1	45.8333	7.61281	BGC_A_91	1	439.68	461.6	411.2	50.4	11.2428	0.37409	0.109185	551.113	0.279278	0.518909	75	19	20	0	0.573333	0	43	13	19	0	0	3	3	14	2	22	0	1	0	3	0	0	0	0	6	0	2	0	2	0	0	0	5	3	0	0	0	0	0	0	0	0	0	0	0	0	0	0	0	0.0537787	0.556488
A_ASD0145_1_1QHA_1_desc_P_1	58.3333	8.49945	GLC_A_91	1	462.336	495.04	426.72	68.32	13.9313	0.369186	0.138009	718.762	0.382578	0.490724	85	21	25	0	0.552941	0	47	17	21	0	0	3	3	15	1	22	0	1	0	3	0	0	0	0	6	0	1	0	2	0	0	0	6	3	0	0	0	0	0	0	0	0	0	0	0	0	0	0	0	0.00870778	0.424831
A_ASD0194_1_1S9J_1_desc_P_1	2.12766	0.0290726	ATP_A_53	0	660.416	729.76	612.96	116.8	17.9332	0.371257	0.160053	2622.71	0.14813	0.469871	118	16	13	9	0.762712	0	88	12	16	2	0	2	2	8	14	26	0	1	1	2	0	1	0	0	5	0	4	4	1	2	2	0	1	0	0	0	2	0	0	0	0	0	0	0	0	0	0	0	0	0.695526	0.845792
A_ASD0194_1_2P55_1_desc_P_1	25.5319	3.41261	ATP_A_90	0	600.128	700.16	614.4	85.76	20.3096	0.409513	0.122486	2088.55	0.150018	0.338102	119	18	15	9	0.731092	0	84	14	18	3	0	2	2	11	14	29	0	0	2	2	0	3	0	0	5	0	4	4	2	2	2	0	1	0	0	0	2	0	0	0	0	0	0	0	0	0	0	0	0	0.581712	0.575467
A_ASD0194_1_3DY7_1_desc_P_1	23.4043	2.61612	ATP_A_90	0	599.36	641.44	548.96	92.48	18.923	0.366364	0.144176	1737.16	0.138622	0.368659	108	15	11	9	0.759259	0	80	11	15	2	0	2	1	8	14	25	0	0	1	2	0	1	0	0	5	0	4	4	1	2	2	0	1	0	0	0	2	0	0	0	0	0	0	0	0	0	0	0	0	0.653748	0.829572
A_ASD0194_1_3EQB_1_desc_P_1	2.12766	0.0520021	ATP_A_90	0	615.36	676.64	585.28	91.36	17.9154	0.380447	0.13502	1938.42	0.125747	0.372414	112	13	13	9	0.767857	0	84	13	13	2	0	2	1	8	14	25	0	0	1	2	0	1	0	0	5	0	4	4	1	2	2	0	1	0	0	0	2	0	0	0	0	0	0	0	0	0	0	0	0	0.688145	0.872353
A_ASD0194_1_3EQC_1_desc_P_1	23.4043	4.90324	AGS_A_2	0	687.872	738.24	615.04	123.2	16.8855	0.357648	0.166883	2214.89	0.11617	0.289684	118	15	17	8	0.737288	0	84	16	15	3	0	2	1	9	15	27	0	0	1	2	0	1	0	0	6	0	4	4	1	2	2	0	1	0	0	0	3	0	0	0	0	0	0	0	0	0	0	0	0	0.640649	0.885179
A_ASD0194_1_3EQG_1_desc_P_1	30.9524	7.87409	ADP_A_2	1	677.056	724.96	601.6	123.36	17.8213	0.355421	0.170161	2526.33	0.148086	0.429638	121	18	16	9	0.727273	0	85	15	18	3	0	2	1	8	17	28	1	0	1	2	0	1	0	0	5	0	4	4	1	2	2	0	1	0	0	0	4	0	0	0	0	0	0	0	0	0	0	0	0	0.60688	0.85005
A_ASD0194_1_3ORN_1_desc_P_1	39.5833	10.0556	ANP_A_1	0	816.576	864.48	776.16	88.32	18.5257	0.380202	0.102165	3786.68	0.16796	0.606596	142	20	21	9	0.711268	0	98	21	20	3	0	2	3	10	17	32	0	1	3	2	0	1	0	0	5	1	4	5	1	2	2	0	1	0	0	0	4	0	0	0	0	0	0	0	0	0	0	0	0	0.649875	0.850068
A_ASD0194_1_3OS3_1_desc_P_1	21.2766	2.92263	ATP_A_1	0	751.104	830.72	743.68	87.04	19.7342	0.396046	0.104777	3237.67	0.122718	0.32187	139	21	17	9	0.733813	0	98	16	21	4	0	2	4	9	16	31	0	2	1	2	0	2	0	0	4	1	4	4	1	3	2	0	2	0	0	0	3	0	0	0	0	0	0	0	0	0	0	0	0	0.676652	0.816761
A_ASD0194_1_3PP1_1_desc_P_1	2.12766	0.0115902	ATP_A_40	0	552.192	603.68	512.8	90.88	17.2743	0.371465	0.150543	1279.19	0.126072	0.286528	100	11	11	9	0.78	0	75	11	11	3	0	2	1	7	14	24	0	0	1	2	0	1	0	0	4	0	4	4	1	2	2	0	1	0	0	0	2	0	0	0	0	0	0	0	0	0	0	0	0	0.680356	0.899982
A_ASD0194_1_3V01_1_desc_P_1	17.0213	2.5121	ATP_A_50	0	621.632	719.36	614.4	104.96	19.1081	0.395346	0.145907	2163.96	0.146942	0.384393	112	15	14	9	0.741071	0	80	14	15	3	0	2	1	8	16	27	0	0	1	2	0	1	0	0	5	0	4	5	1	2	2	0	1	0	0	0	3	0	0	0	0	0	0	0	0	0	0	0	0	0.617161	0.735109
A_ASD0194_1_3V04_1_desc_P_1	17.0213	1.02249	ATP_A_50	0	563.328	621.6	544.64	76.96	17.3482	0.38673	0.12381	1467.95	0.141297	0.386243	109	14	12	9	0.761468	0	80	12	14	3	0	2	1	8	14	25	0	0	1	2	0	1	0	0	5	0	4	4	1	2	2	0	1	0	0	0	2	0	0	0	0	0	0	0	0	0	0	0	0	0.641754	0.82666
A_ASD0194_1_4AN2_1_desc_P_1	26.5306	5.67647	ACP_A_13	0	720.448	762.72	677.92	84.8	18.8552	0.376388	0.111181	2151.11	0.121518	0.230326	135	21	16	12	0.733333	0	97	15	21	2	0	2	3	8	16	29	0	0	2	2	0	1	0	0	3	1	4	4	2	2	3	0	1	1	0	0	3	0	0	0	0	0	0	0	0	0	0	0	0	0.657803	0.864287
A_ASD0194_1_4AN3_1_desc_P_1	31.9149	6.56158	ATP_A_13	1	698.368	704.8	592.8	112	17.6045	0.339534	0.15891	2500.32	0.142181	0.470262	115	14	15	8	0.747826	0	83	15	14	3	0	2	2	8	14	26	0	0	1	2	0	1	0	0	5	0	4	4	2	2	2	0	1	0	0	0	2	0	0	0	0	0	0	0	0	0	0	0	0	0.676462	0.890565
A_ASD0194_1_4AN9_1_desc_P_1	2.04082	0.0220289	ACP_A_13	0	581.056	655.84	591.04	64.8	20.3214	0.406873	0.0988046	1569.13	0.153058	0.219843	117	14	14	9	0.760684	0	86	14	14	3	0	2	3	5	14	24	0	1	1	2	0	1	0	0	2	1	4	4	1	2	2	0	1	0	0	0	2	0	0	0	0	0	0	0	0	0	0	0	0	0.654899	0.763391
A_ASD0194_1_4ANB_1_desc_P_1	22.449	5.18059	ACP_A_13	0	660.928	705.28	611.52	93.76	20.692	0.370098	0.13294	2138.77	0.1353	0.303946	114	17	13	9	0.745614	0	83	12	17	2	0	2	3	7	14	26	0	0	2	2	0	1	0	0	3	1	4	4	2	2	2	0	1	0	0	0	2	0	0	0	0	0	0	0	0	0	0	0	0	0.654336	0.806936
A_ASD0194_1_4LMN_1_desc_P_1	8.33333	0.321777	ANP_A_50	0	616.576	657.28	569.44	87.84	18.53	0.369421	0.133642	1419.58	0.139191	0.174818	117	16	14	9	0.74359	0	84	14	16	3	0	2	3	6	14	25	0	1	2	2	0	1	0	0	2	1	4	4	1	2	2	0	1	0	0	0	2	0	0	0	0	0	0	0	0	0	0	0	0	0.623267	0.849556
A_ASD0195_1_1S9I_1_desc_P_1	29.7872	9.42821	ATP_A_53	0	650.304	700.32	620.96	79.36	18.3913	0.381951	0.11332	2276.82	0.184441	0.44936	119	18	16	9	0.714286	0	82	16	18	3	0	2	3	9	14	28	0	1	2	2	0	1	0	0	5	0	4	4	2	2	2	0	1	0	0	0	2	0	0	0	0	0	0	0	0	0	0	0	0	0.566877	0.709991
A_ASD0250_4_2G50_1_desc_P_1	14.2857	0.339175	GOL_A_60	0	226.432	315.52	283.36	32.16	12.7122	0.500565	0.101927	194.633	0.226801	0.324074	72	11	17	8	0.611111	0	43	18	11	0	0	0	3	7	6	16	1	2	2	0	0	0	0	0	3	1	2	1	0	0	1	1	0	1	0	1	0	0	0	0	0	0	0	0	0	0	0	0	0	0	0.303185
A_ASD0250_4_3N25_1_desc_P_1	14.2857	0.147798	GOL_A_60	0	216.512	293.76	268.8	24.96	12.5793	0.496601	0.0849673	165.822	0.227996	0.308082	78	13	17	8	0.615385	0	47	18	13	0	0	1	4	7	5	17	1	3	2	1	0	0	0	0	3	1	1	1	0	0	1	1	0	1	0	1	0	0	0	0	0	0	0	0	0	0	0	0	0	0	0.322007
A_ASD0251_1_3CMU_1_desc_P_1	100	1.91671	ALF_A_50	0	734.592	854.4	773.44	80.96	20.4313	0.421154	0.0947566	3385.18	0.173363	0.621978	146	28	31	19	0.643836	0	93	25	28	0	0	3	4	11	10	28	3	1	2	1	0	0	0	2	2	0	2	0	3	0	2	2	3	2	0	2	1	0	0	0	0	0	0	0	0	0	0	0	0	0.425572	0.357383
A_ASD0267_1_1E7C_1_desc_P_1	100	11.9898	HLT_A_40	1	327.744	364	299.36	64.64	10.5527	0.365358	0.177582	302.88	0.460951	0.809842	54	5	8	3	0.759259	0	41	8	5	0	0	0	2	1	8	11	2	1	0	0	0	0	0	0	0	1	2	3	0	0	0	0	1	0	0	0	1	0	0	0	0	0	0	0	0	0	0	0	0	0.462735	0.806697
A_ASD0267_1_3LU7_1_desc_P_1	87.5	2.93889	PO4_A_58	1	823.168	921.76	796.32	125.44	17.2418	0.386954	0.136087	4158.78	0.2197	0.398442	153	17	25	28	0.745098	0	114	22	17	0	0	0	7	4	16	27	3	3	0	0	0	0	1	0	0	2	2	6	2	0	2	0	2	0	1	1	2	0	0	0	0	0	0	0	0	0	0	0	0	0.738855	0.921451
A_ASD0290_1_3CEP_1_desc_P_1	100	39.6973	IDM_A_27	1	338.24	432.48	400.48	32	15.7987	0.473605	0.0739919	486.608	0.213483	0.222398	95	15	16	18	0.715789	0	68	12	15	0	0	2	1	9	9	21	2	1	0	1	0	0	0	1	4	0	3	2	0	0	2	0	3	1	0	1	0	0	0	0	0	0	0	0	0	0	0	0	0	0.371892	0.327423
A_ASD0291_1_1I6L_1_desc_P_1	100	6.72671	GOL_A_37	0	803.008	843.84	794.24	49.6	16.7141	0.395632	0.0587789	2506.12	0.143356	0.401871	141	23	26	12	0.680851	0	94	22	23	0	2	2	5	14	13	34	2	1	1	2	0	0	4	0	5	1	5	0	3	0	2	1	2	1	0	1	3	0	0	0	0	0	0	0	0	0	0	0	2	0.568294	0.801095
A_ASD0291_1_1I6M_1_desc_P_1	100	5.42103	GOL_A_37	0	819.328	874.56	824.64	49.92	16.5795	0.402593	0.0570801	2879.08	0.160316	0.398898	148	22	29	12	0.675676	0	97	26	22	3	0	3	5	14	15	37	2	1	1	2	0	0	4	1	5	1	4	0	3	3	2	1	2	1	0	1	3	0	0	0	0	0	0	0	0	0	0	0	0	0.56287	0.794841
A_ASD0291_1_1MAU_1_desc_P_1	71.4286	11.495	LTN_A_39	1	707.648	752.16	698.24	53.92	14.4056	0.394682	0.0716869	1973.07	0.329731	0.816993	124	22	30	2	0.629032	0	77	24	22	1	0	3	4	15	10	32	2	1	1	2	0	0	3	1	5	0	3	0	3	1	1	1	4	1	0	1	2	0	0	0	0	0	0	0	0	0	0	0	0	0.375037	0.535489
A_ASD0291_1_2OV4_1_desc_P_1	65	5.36674	ANL_A_95	0	666.624	730.4	682.88	47.52	17.8079	0.409754	0.0650602	1746.16	0.245834	0.737843	119	23	27	3	0.630252	0	74	21	23	1	0	1	4	15	11	31	2	1	1	1	0	0	3	0	5	0	3	1	3	1	1	1	4	1	0	1	2	0	0	0	0	0	0	0	0	0	0	0	0	0.356851	0.3623
A_ASD0291_1_3FI0_1_desc_P_1	100	13.2835	PO4_A_10	1	384.96	449.6	333.6	116	13.3746	0.346633	0.258007	478.581	0.147675	0.534166	69	10	15	0	0.666667	0	45	13	10	0	1	0	3	6	6	15	1	1	1	0	0	0	0	0	3	0	3	0	2	0	0	1	1	1	0	0	1	0	0	0	0	0	0	0	0	0	0	0	1	0.240959	0.166978
A_ASD0298_2_3BEO_1_desc_P_1	23.0769	3.16637	UDP_A_10	0	802.432	841.44	762.08	79.36	20.6533	0.379885	0.0943145	2492.97	0.154936	0.347011	143	18	34	14	0.65035	0	87	35	18	3	0	3	9	9	8	29	0	5	2	2	0	0	3	1	0	3	1	1	1	3	0	3	0	3	0	1	0	0	0	0	0	0	0	0	0	0	0	0	0	0.478817	0.589514
A_ASD0298_4_4NES_1_desc_P_1	25.641	4.71963	UDP_A_40	0	821.76	859.36	743.36	116	14.3164	0.361838	0.134984	2936.65	0.244331	0.529611	138	19	36	22	0.637681	0	86	32	19	0	1	3	8	12	3	26	0	3	2	2	0	0	2	1	2	4	0	0	1	0	0	3	2	3	0	1	0	0	0	0	0	0	0	0	0	0	0	0	1	0.446921	0.621563
A_ASD0298_5_4FKZ_1_desc_P_1	25.641	3.58987	UDP_A_40	0	768.384	823.68	768.8	54.88	16.6901	0.400217	0.0666278	2429.91	0.195367	0.374386	146	20	32	15	0.657534	0	93	31	20	2	0	3	9	8	11	31	0	5	2	1	0	0	3	2	0	3	1	4	1	2	1	3	0	3	0	0	0	0	0	0	0	0	0	0	0	0	0	0	0	0.485703	0.72609
A_ASD0343_2_1Q43_1_desc_P_1	15.7895	0.622084	MSE_A_57	0	452.672	513.92	422.08	91.84	14.7187	0.372968	0.178705	737.716	0.215646	0.600545	87	12	16	2	0.701149	0	60	14	12	1	0	1	4	5	8	18	1	4	0	0	0	1	0	1	1	0	2	2	0	0	1	0	1	2	0	0	2	0	0	0	0	0	0	0	0	0	0	0	0	0.396879	0.29691
A_ASD0343_2_1Q5O_1_desc_P_1	31.5789	5.7016	MSE_A_57	0	374.912	434.56	388.32	46.24	15.8089	0.414305	0.106406	435.929	0.159971	0.255419	93	11	17	2	0.709677	0	65	16	11	1	0	1	5	4	10	20	1	4	0	0	0	1	0	1	1	0	3	3	1	0	1	0	1	1	0	0	2	0	0	0	0	0	0	0	0	0	0	0	0	0.377612	0.465613
A_ASD0349_1_1WBV_1_desc_P_1	100	5.81077	DMS_A_13	0	631.104	694.56	613.92	80.64	18.9568	0.389109	0.116102	1935.17	0.140689	0.186947	112	16	13	10	0.75	0	83	12	16	1	0	2	2	1	17	22	1	0	0	1	0	0	0	1	0	1	5	5	1	1	1	0	0	1	0	0	4	0	0	0	0	0	0	0	0	0	0	0	0	0.652267	0.889466
A_ASD0349_1_3O8P_1_desc_P_1	90	3.91019	EDO_A_36	0	761.088	908.32	776.16	132.16	19.7626	0.407921	0.145499	4118.84	0.200684	0.292192	124	21	14	11	0.725806	0	89	13	21	1	0	1	4	3	16	24	1	1	0	0	0	0	0	1	2	2	5	5	1	1	1	0	0	1	0	0	3	0	0	0	0	0	0	0	0	0	0	0	0	0.652824	0.791378
A_ASD0349_1_3OC1_1_desc_P_1	20	0.0572672	EDO_A_36	0	558.784	652.96	564.48	88.48	17.3251	0.404077	0.135506	1491.28	0.101641	0.223269	103	17	13	5	0.718447	0	73	12	17	1	0	2	2	1	14	19	1	0	0	1	0	0	0	1	0	1	5	4	1	1	0	0	0	1	0	0	3	0	0	0	0	0	0	0	0	0	0	0	0	0.520139	0.764199
A_ASD0374_2_2D41_1_desc_P_1	13.3333	1.14046	SNH_A_20	0	319.872	426.24	323.52	102.72	13.2966	0.404562	0.240991	648.117	0.190729	0.542763	69	8	6	9	0.797101	0	53	7	8	1	0	0	1	0	11	12	1	1	0	0	0	0	0	0	0	0	1	3	0	1	0	2	0	0	2	0	1	0	0	0	0	0	0	0	0	0	0	0	0	0.547581	0.909
A_ASD0374_2_4MIB_1_desc_P_1	20	0.32989	DMS_A_60	0	737.216	846.72	693.92	152.8	20.1911	0.376508	0.180461	3479.75	0.0946323	0.356914	137	27	23	17	0.671533	0	89	19	27	2	0	3	1	21	5	30	0	1	3	3	0	1	1	0	5	0	1	1	0	1	1	1	7	1	0	3	0	0	0	0	0	0	0	0	0	0	0	0	0	0.486605	0.461651
A_ASD0374_2_4MK7_1_desc_P_1	70	1.71805	DMS_A_60	0	543.872	615.04	478.72	136.32	13.5351	0.352083	0.221644	1197.8	0.142028	0.348585	94	14	16	15	0.712766	0	64	14	14	2	0	0	1	13	5	19	0	1	2	0	0	1	1	0	3	0	1	1	0	1	1	1	4	0	0	2	0	0	0	0	0	0	0	0	0	0	0	0	0	0.479927	0.604228
A_ASD0374_2_4MK8_1_desc_P_1	40	0.75751	DMS_A_60	0	735.04	774.08	586.08	188	15.3519	0.318938	0.242869	3129.68	0.116978	0.490192	115	22	23	13	0.66087	0	73	18	22	2	0	2	1	16	5	24	0	1	3	2	0	1	1	0	2	0	1	1	0	1	1	1	5	2	0	2	0	0	0	0	0	0	0	0	0	0	0	0	0	0.445217	0.355677
A_ASD0391_3_1IWH_1_desc_P_1	31.9444	40.1986	HEM_A_14	1	199.808	289.76	202.08	87.68	11.4891	0.404548	0.302595	204.726	0.203683	0.380529	42	6	5	5	0.738095	0	31	5	6	0	0	1	2	0	6	9	2	0	0	1	0	0	0	0	0	1	0	3	1	0	0	0	0	0	0	0	1	0	0	0	0	0	0	0	0	0	0	0	0	0.267608	0.371367
A_ASD0391_3_2D5X_1_desc_P_1	19.4444	13.4722	HEM_A_14	1	150.592	226.56	145.28	81.28	11.1068	0.38589	0.358757	102.119	0.162991	0.445712	38	5	4	0	0.763158	0	29	4	5	0	0	1	1	1	5	8	2	0	1	1	0	0	0	0	0	0	0	3	1	0	0	0	0	0	0	0	0	0	0	0	0	0	0	0	0	0	0	0	0	0.271389	0.194363
A_ASD0427_2_3QH0_1_desc_P_1	20	0.14333	EDO_A_1	0	580.48	679.2	646.56	32.64	18.0577	0.445535	0.0480565	1775.63	0.135906	0.430532	105	13	12	27	0.790476	0	82	9	13	1	0	0	1	7	17	25	1	1	0	0	0	0	0	0	1	0	0	5	0	1	5	0	2	1	1	3	4	0	0	0	0	0	0	0	0	0	0	0	0	0.744565	0.876418
A_ASD0459_1_3PXQ_1_desc_P_1	23.5294	1.86258	2AN_A_30	0	618.496	656.96	560	96.96	16.8855	0.362169	0.147589	1530.37	0.260241	0.399516	100	12	10	18	0.78	0	78	10	12	0	0	1	3	2	13	19	1	0	0	1	0	0	0	0	1	0	3	5	3	0	3	0	0	0	0	1	1	0	0	0	0	0	0	0	0	0	0	0	0	0.720644	0.95434
A_ASD0459_1_3PXZ_1_desc_P_1	17.8571	1.49186	JWS_A_30	0	566.272	600	536.8	63.2	17.6771	0.379182	0.105333	1019.1	0.168044	0.301008	101	10	10	14	0.811881	0	82	9	10	0	0	1	3	2	15	21	2	0	0	1	0	0	0	0	1	0	3	5	3	0	2	0	0	0	0	1	3	0	0	0	0	0	0	0	0	0	0	0	0	0.783666	0.973378
A_ASD0459_1_3PY1_1_desc_P_1	27.5862	3.39536	SU9_A_30	0	588.096	630.56	569.76	60.8	11.1283	0.387529	0.0964222	1445.93	0.259891	0.533185	104	8	11	21	0.826923	0	86	10	8	0	0	2	3	2	14	21	1	0	0	1	0	0	0	1	1	0	3	6	3	0	3	0	0	0	0	1	1	0	0	0	0	0	0	0	0	0	0	0	0	0.83926	0.994991
A_ASD0480_1_4LEG_1_desc_P_1	7.14286	0.0793651	GOL_A_30	0	322.56	432.64	346.88	85.76	11.2357	0.430159	0.198225	484.287	0.113382	0.275253	70	11	15	4	0.657143	0	46	13	11	0	0	2	6	4	3	15	1	3	1	1	0	0	0	1	1	0	1	0	3	0	0	1	1	0	0	1	0	0	0	0	0	0	0	0	0	0	0	0	0	0.177789	0.509624
A_ASD0484_1_3N1V_1_desc_P_1	75	5.09958	PO4_F_35	0	424.192	526.4	446.72	79.68	15.0838	0.421243	0.151368	1044.17	0.230055	0.429534	91	12	15	20	0.736264	0	67	12	12	0	0	0	3	7	5	15	0	1	1	0	0	0	1	0	1	0	1	1	2	0	2	1	1	1	0	2	0	0	0	0	0	0	0	0	0	0	0	0	0	0.477368	0.413147
A_ASD0484_1_3N1W_1_desc_P_1	75	5.37319	PO4_F_35	0	370.432	459.36	394.72	64.64	12.9615	0.426227	0.140718	675.655	0.350303	0.645986	79	10	13	16	0.746835	0	59	10	10	0	0	0	3	5	5	13	0	1	1	0	0	0	1	0	0	0	1	1	2	0	2	1	1	1	0	1	0	0	0	0	0	0	0	0	0	0	0	0	0	0.468846	0.273666
A_ASD0484_1_3N3L_1_desc_P_1	87.5	5.8337	PO4_F_35	0	433.344	555.52	446.56	108.96	13.891	0.412199	0.196141	1052.13	0.275912	0.792757	88	11	15	18	0.727273	0	64	13	11	0	0	0	4	6	5	15	0	1	1	0	0	0	1	0	0	0	1	1	3	0	2	1	1	1	0	2	0	0	0	0	0	0	0	0	0	0	0	0	0	0.45128	0.0750418
A_ASD0484_1_3N45_1_desc_P_1	12.5	0.330882	PO4_F_35	0	348.16	439.04	335.68	103.36	16.3316	0.385662	0.235423	546.796	0.197029	0.274943	78	12	13	16	0.717949	0	56	10	12	0	0	0	4	5	5	14	0	1	1	0	0	0	1	0	0	0	1	1	3	0	2	1	1	1	0	1	0	0	0	0	0	0	0	0	0	0	0	0	0	0.356296	0.253204
A_ASD0484_1_3N46_1_desc_P_1	75	4.68582	PO4_F_35	1	416.576	537.92	450.88	87.04	15.4868	0.432939	0.161808	1208.19	0.245573	0.825457	89	13	15	20	0.719101	0	64	12	13	0	0	0	3	7	5	15	0	1	1	0	0	0	2	0	0	0	1	1	2	0	2	1	1	1	0	2	0	0	0	0	0	0	0	0	0	0	0	0	0	0.42353	0.0430519
A_ASD0484_1_3N49_1_desc_P_1	50	0.973191	PO4_F_35	0	348.544	443.04	381.28	61.76	12.9553	0.437569	0.139401	508.369	0.286187	0.749623	78	9	12	18	0.75641	0	59	10	9	0	0	0	3	4	5	12	0	1	1	0	0	0	0	0	0	0	1	1	2	0	2	1	1	1	0	1	0	0	0	0	0	0	0	0	0	0	0	0	0	0.47832	0.176752
A_ASD0484_1_3N5H_1_desc_P_1	75	5.42833	PO4_F_35	0	452.736	523.52	445.12	78.4	14.7567	0.393271	0.149756	920.145	0.254296	0.743912	90	13	16	16	0.711111	0	64	13	13	0	0	0	4	7	5	16	0	1	1	0	0	0	1	0	1	0	1	1	3	0	2	1	1	1	0	2	0	0	0	0	0	0	0	0	0	0	0	0	0	0.429189	0.114323
A_ASD0484_1_3N5J_1_desc_P_1	75	3.9298	PO4_F_35	0	426.688	540.96	450.08	90.88	15.5229	0.421929	0.167998	1243.76	0.284489	0.480735	93	12	14	20	0.752688	0	70	11	12	0	0	0	3	6	5	14	0	1	1	0	0	0	1	0	0	0	1	1	2	0	2	1	1	1	0	2	0	0	0	0	0	0	0	0	0	0	0	0	0	0.520672	0.367531
A_ASD0484_1_3N6K_1_desc_P_1	12.5	0.0546647	PO4_F_35	0	351.232	452.16	384.96	67.2	14.5602	0.438411	0.14862	531.13	0.207279	0.489791	75	10	13	16	0.733333	0	55	10	10	0	0	0	3	4	5	12	0	1	1	0	0	0	0	0	0	0	1	1	2	0	2	1	1	1	0	1	0	0	0	0	0	0	0	0	0	0	0	0	0	0.416127	0.261571
A_ASD0497_1_3K8Y_1_desc_P_1	100	37.5475	ACT_A_71	1	185.28	284.8	250.4	34.4	11.349	0.540587	0.120787	145.646	0.134596	0.39955	52	10	6	2	0.692308	0	34	7	10	1	0	2	2	4	4	12	0	1	0	2	0	0	0	0	1	0	1	0	1	1	0	1	2	0	0	1	1	0	0	0	0	0	0	0	0	0	0	0	0	0.161109	0.238578
A_ASD0497_1_3LBH_1_desc_P_1	100	38.1651	ACT_A_71	1	187.648	286.56	250.88	35.68	11.8727	0.534789	0.124511	156.973	0.143683	0.344885	55	11	7	2	0.672727	0	35	8	11	1	0	2	2	4	4	12	0	1	0	2	0	0	0	0	1	0	1	0	1	1	0	1	2	0	0	1	1	0	0	0	0	0	0	0	0	0	0	0	0	0.109828	0.247552
A_ASD0497_1_3LBI_1_desc_P_1	100	37.2929	ACT_A_71	1	181.568	273.6	234.72	38.88	11.4682	0.517096	0.142105	142.832	0.147939	0.41166	54	10	8	2	0.666667	0	34	9	10	1	0	2	2	4	4	12	0	1	0	2	0	0	0	0	1	0	1	0	1	1	0	1	2	0	0	1	1	0	0	0	0	0	0	0	0	0	0	0	0	0.0837124	0.208876
A_ASD0497_1_3OIU_1_desc_P_1	100	38.7153	ACT_A_71	1	184.32	280.96	249.6	31.36	11.7235	0.541667	0.111617	158.926	0.138831	0.299676	59	8	7	2	0.745763	0	42	8	8	1	0	2	2	3	4	11	0	1	0	2	0	0	0	0	1	0	1	0	1	1	0	1	1	0	0	1	1	0	0	0	0	0	0	0	0	0	0	0	0	0.306769	0.384866
A_ASD0497_1_3OIW_1_desc_P_1	100	38.3059	ACT_A_71	1	186.624	291.2	259.2	32	11.7983	0.555556	0.10989	189.184	0.14778	0.341198	61	11	6	3	0.721311	0	42	7	11	1	0	2	2	4	4	12	0	1	0	2	0	0	0	0	1	0	1	0	1	1	0	1	2	0	0	1	1	0	0	0	0	0	0	0	0	0	0	0	0	0.243198	0.296278
A_ASD0497_1_4DLT_1_desc_P_1	100	38.275	ACT_A_20	1	184.768	275.36	240.8	34.56	11.7235	0.521302	0.125508	138.597	0.143328	0.364264	52	11	7	2	0.653846	0	32	8	11	1	0	2	2	4	4	12	0	1	0	2	0	0	0	0	1	0	1	0	1	1	0	1	2	0	0	1	1	0	0	0	0	0	0	0	0	0	0	0	0	0.0553628	0.243884
A_ASD0497_1_4DLU_1_desc_P_1	100	37.5683	ACT_A_20	1	187.392	279.04	244.96	34.08	11.5447	0.522883	0.122133	149.891	0.130831	0.327339	56	11	7	0	0.678571	0	36	8	11	1	0	2	2	4	4	12	0	1	0	2	0	0	0	0	1	0	1	0	1	1	0	1	2	0	0	1	1	0	0	0	0	0	0	0	0	0	0	0	0	0.125843	0.285179
A_ASD0497_1_4DLW_1_desc_P_1	100	35.8699	ACT_A_20	1	196.8	294.4	258.56	35.84	11.655	0.525528	0.121739	172.618	0.146731	0.387263	56	11	6	2	0.696429	0	37	7	11	1	0	2	2	4	4	12	0	1	0	2	0	0	0	0	1	0	1	0	1	1	0	1	2	0	0	1	1	0	0	0	0	0	0	0	0	0	0	0	0	0.184204	0.242756
A_ASD0497_1_4G0N_2_desc_P_1	100	31.7243	ACT_A_20	1	229.376	344	314.24	29.76	13.4521	0.547991	0.0865116	292.994	0.122911	0.276597	68	10	9	7	0.720588	0	47	10	10	1	0	2	3	3	4	12	0	1	0	2	0	0	0	0	1	1	1	0	1	1	0	1	1	0	0	1	1	0	0	0	0	0	0	0	0	0	0	0	0	0.288507	0.283258
A_ASD0526_1_4C7B_1_desc_P_1	12.5	2.34351	FDL_B_4	0	622.656	596	491.52	104.48	15.8543	0.315757	0.175302	1205.59	0.180756	0.361746	94	10	13	18	0.776596	0	73	11	10	0	0	2	2	4	11	19	1	1	1	2	0	0	1	0	0	1	3	3	0	0	2	2	1	0	0	1	0	0	0	0	0	0	0	0	0	0	0	0	0	0.708814	0.962693
A_ASD0586_2_3ZQH_1_desc_P_1	20	0.439606	EDO_A_12	1	611.456	642.56	526.08	116.48	14.9077	0.344149	0.181275	1344.01	0.136585	0.215975	93	13	12	18	0.741935	0	68	12	13	0	0	0	3	6	12	21	2	1	1	0	0	0	2	0	1	2	1	4	0	0	3	1	1	1	0	0	1	0	0	0	0	0	0	0	0	0	0	0	0	0.607162	0.921479
A_ASD0587_1_1SFQ_1_desc_P_1	9.375	6.06757	0G6_E_30	0	278.464	402.56	384.16	18.4	15.9047	0.551827	0.0457075	405.905	0.10668	0.198403	105	19	18	6	0.657143	0	67	18	19	1	0	4	5	7	3	19	1	2	0	3	0	1	0	1	4	0	0	1	3	0	0	1	0	0	0	2	0	0	0	0	0	0	0	0	0	0	0	0	0	0.168486	0.344163
A_ASD0664_2_3HL8_1_desc_P_1	10	0.0532623	DMS_A_50	1	240.32	329.12	294.4	34.72	11.1642	0.490013	0.105493	197.093	0.157879	0.212931	70	8	8	9	0.771429	0	52	9	8	1	0	0	2	2	9	13	2	2	1	0	0	1	0	0	0	0	0	4	0	0	0	2	0	0	1	0	0	0	0	0	0	0	0	0	0	0	0	0	0	0.433357	0.664244
A_ASD0700_1_1OJ9_1_desc_P_1	18.1818	6.28732	FAD_A_15	0	546.624	622.24	573.92	48.32	20.0559	0.419974	0.0776549	1074.64	0.0882219	0.147664	104	12	9	33	0.826923	0	85	6	12	1	0	0	0	6	14	20	0	0	0	0	0	1	1	0	0	0	3	4	0	1	3	2	0	0	1	4	0	0	0	0	0	0	0	0	0	0	0	0	0	0.817407	0.941251
A_ASD0700_1_2BK3_1_desc_P_1	18.6047	4.87246	FAD_A_15	0	614.72	696.32	619.2	77.12	20.5212	0.402915	0.110754	1671.99	0.0971729	0.212753	108	13	7	36	0.842593	0	90	4	13	1	0	0	0	8	15	23	0	0	0	0	0	1	1	0	1	0	3	4	0	1	4	2	1	0	1	4	0	0	0	0	0	0	0	0	0	0	0	0	0	0.89492	0.978512
A_ASD0700_1_2BYB_1_desc_P_1	37.2093	27.5932	FAD_A_60	1	571.968	626.88	525.28	101.6	18.9737	0.367349	0.162072	1414.04	0.118243	0.204241	99	13	13	30	0.767677	0	75	10	13	1	0	0	1	9	6	16	0	0	0	0	0	1	1	0	2	0	2	2	1	0	2	0	1	0	0	4	0	0	0	0	0	0	0	0	0	0	0	0	0	0.656932	0.838222
A_ASD0700_1_2C65_1_desc_P_1	33.7209	18.5204	FAD_A_60	0	756.096	863.2	774.08	89.12	21.3354	0.409514	0.103244	3662.74	0.0937973	0.343714	137	18	15	35	0.788321	0	107	11	18	1	0	0	1	9	13	23	0	0	0	0	0	1	1	0	2	0	3	4	1	0	3	2	1	0	1	4	0	0	0	0	0	0	0	0	0	0	0	0	0	0.827447	0.925366
A_ASD0700_1_2V5Z_1_desc_P_1	23.2558	7.98557	FAD_A_15	0	656.384	750.88	667.84	83.04	20.1832	0.406981	0.11059	1961.66	0.0784582	0.176657	112	14	9	38	0.821429	0	91	6	14	1	0	0	0	7	13	20	0	0	0	0	0	1	1	0	1	0	3	3	0	0	4	2	0	0	1	4	0	0	0	0	0	0	0	0	0	0	0	0	0	0.861499	0.962518
A_ASD0700_1_2V60_1_desc_P_1	19.7674	5.04714	FAD_A_15	0	556.672	634.72	583.68	51.04	20.1554	0.419407	0.0804134	1122.49	0.0846335	0.131729	106	13	9	35	0.830189	0	87	5	13	1	0	0	0	7	14	21	0	0	0	0	0	1	1	0	0	0	3	4	0	1	3	2	0	0	1	5	0	0	0	0	0	0	0	0	0	0	0	0	0	0.83197	0.949132
A_ASD0700_1_2V61_1_desc_P_1	17.4419	4.93344	FAD_A_15	0	572.096	669.28	605.76	63.52	19.7464	0.423537	0.094908	1437.4	0.0888082	0.196208	103	12	7	35	0.84466	0	86	4	12	1	0	0	0	7	15	22	0	0	0	0	0	1	1	0	0	0	3	4	0	1	4	2	0	0	1	5	0	0	0	0	0	0	0	0	0	0	0	0	0	0.878022	0.969773
A_ASD0700_1_2XFQ_1_desc_P_1	30.7692	2.2047	RAS_A_60	1	397.696	504.8	476.64	28.16	16.0549	0.479401	0.0557845	650.621	0.17516	0.253818	85	12	8	18	0.8	0	67	6	12	0	0	1	0	5	13	19	0	0	0	0	0	0	0	1	1	0	2	5	0	0	3	2	1	2	1	1	0	0	0	0	0	0	0	0	0	0	0	0	0	0.64863	0.70507
A_ASD0700_1_3ZYX_1_desc_P_1	29.0698	13.7283	FAD_A_60	0	721.664	770.56	660.8	109.76	20.5368	0.366265	0.142442	2670.4	0.141604	0.222104	111	17	14	22	0.756757	0	82	10	17	2	0	0	1	12	11	24	2	0	0	0	0	1	1	0	1	0	2	3	1	2	1	1	2	3	0	4	0	0	0	0	0	0	0	0	0	0	0	0	0	0.716349	0.876149
A_ASD0700_1_4A79_1_desc_P_1	16.2791	2.71205	FAD_A_60	0	684.352	773.6	690.24	83.36	21.3392	0.403442	0.107756	3010.59	0.121161	0.215615	122	16	11	44	0.819672	0	99	6	16	1	0	0	0	8	15	23	0	0	0	0	0	1	1	0	0	0	3	4	0	1	4	2	0	2	1	4	0	0	0	0	0	0	0	0	0	0	0	0	0	0.87291	0.963668
A_ASD0700_1_4A7A_1_desc_P_1	17.4419	3.97507	FAD_A_60	0	626.304	737.76	651.2	86.56	19.6408	0.4159	0.117328	2689.77	0.1358	0.254684	109	13	8	39	0.844037	0	91	4	13	1	0	0	0	7	14	21	0	0	0	0	0	1	1	0	0	0	3	4	0	1	3	2	0	0	1	5	0	0	0	0	0	0	0	0	0	0	0	0	0	0.904391	0.977648
A_ASD0700_1_4CRT_1_desc_P_1	27.907	16.4491	FAD_A_60	0	686.336	773.44	697.44	76	21.2603	0.406471	0.0982623	2399.21	0.0754522	0.213997	120	17	13	35	0.783333	0	93	9	17	1	0	0	0	9	12	21	0	0	0	0	0	1	1	0	2	0	3	4	0	0	2	2	1	0	1	4	0	0	0	0	0	0	0	0	0	0	0	0	0	0.77714	0.895263
A_ASD0702_1_1DD7_1_desc_P_1	65.2778	48.4367	HEM_A_60	1	528.128	656.48	500.16	156.32	17.4951	0.378817	0.238118	2518.39	0.191451	0.382784	98	12	15	31	0.744898	0	71	14	11	2	0	0	1	7	8	16	1	1	1	0	0	1	1	0	2	0	1	0	0	1	1	1	0	0	2	2	1	0	0	0	0	0	0	0	0	0	0	0	0	0.554259	0.5
A_ASD0702_1_1DD7_1_desc_P_2	33.3333	86.2139	HEM_A_60	1	126.272	162.56	70.4	92.16	7.69415	0.223011	0.566929	38.7154	0.454109	0.483796	22	1	5	5	0.772727	0	16	4	1	1	0	0	1	2	3	6	0	1	0	0	0	1	0	0	0	0	0	0	0	1	1	0	0	0	0	1	1	0	0	0	0	0	0	0	0	0	0	0	0	0.22967	0.00826372
A_ASD0702_1_2ORO_1_desc_P_1	34.7222	25.7137	HEM_A_60	1	327.296	447.04	321.6	125.44	15.7328	0.393039	0.280601	651.14	0.143862	0.254936	74	11	12	16	0.716216	0	50	11	11	2	0	0	0	6	8	14	1	0	1	0	0	1	1	0	1	0	1	1	0	1	1	1	0	0	1	2	1	0	0	0	0	0	0	0	0	0	0	0	0	0.326954	0.286397
A_ASD0702_1_2ORP_1_desc_P_1	30.5556	20.6858	HEM_A_60	1	399.424	546.56	366.88	179.68	16.2825	0.367409	0.328747	1097.08	0.157355	0.780173	84	13	17	14	0.678571	0	54	15	13	2	0	1	0	8	9	18	1	0	1	0	0	1	1	1	2	0	2	1	0	1	1	1	0	1	1	2	1	0	0	0	0	0	0	0	0	0	0	0	0	0.271043	0.021529
A_ASD0702_1_2ORQ_1_desc_P_1	34.7222	12.2257	HEM_A_60	0	265.408	351.52	236.16	115.36	13.7811	0.35592	0.328175	379.027	0.201978	0.321436	51	10	9	5	0.647059	0	31	9	10	1	0	1	1	5	5	12	1	1	1	0	0	1	1	1	1	0	0	0	0	0	1	1	0	0	1	1	1	0	0	0	0	0	0	0	0	0	0	0	0	0.07852	0.130047
A_ASD0702_1_2ORR_1_desc_P_1	33.3333	22.5028	HEM_A_60	0	337.024	490.56	332.8	157.76	18.5084	0.394987	0.321592	1146.93	0.118609	0.263203	70	10	13	19	0.7	0	46	12	10	2	0	0	1	6	7	14	1	1	1	0	0	1	1	0	1	0	0	0	0	1	1	1	0	0	2	2	1	0	0	0	0	0	0	0	0	0	0	0	0	0.28328	0.110302
A_ASD0702_1_2ORS_1_desc_P_1	36.1111	22.4662	HEM_A_60	0	340.992	494.4	328.8	165.6	17.5134	0.385698	0.334951	1216.82	0.114885	0.25589	76	10	14	20	0.710526	0	51	13	10	2	0	0	1	6	7	14	1	1	1	0	0	1	1	0	1	0	0	0	0	1	1	1	0	0	2	2	1	0	0	0	0	0	0	0	0	0	0	0	0	0.312545	0.138039
A_ASD0702_1_2ORT_1_desc_P_1	36.1111	29.1509	HEM_A_60	1	287.168	398.4	260	138.4	17.659	0.362157	0.34739	418.785	0.067721	0.291279	62	10	13	16	0.66129	0	39	11	10	2	0	1	1	6	7	15	1	1	1	1	0	1	1	0	1	0	0	0	0	1	1	1	0	0	2	2	1	0	0	0	0	0	0	0	0	0	0	0	0	0.132638	0.0665957
A_ASD0702_1_3NQS_1_desc_P_1	1.38889	0.0329924	HEM_A_90	0	387.968	509.44	400.8	108.64	19.1081	0.41323	0.213254	960.173	0.134516	0.208019	82	15	16	18	0.646341	0	53	14	15	0	0	3	2	5	8	18	1	2	1	2	0	0	1	1	1	0	1	1	0	0	1	1	0	0	2	2	1	0	0	0	0	0	0	0	0	0	0	0	0	0.196136	0.196215
A_ASD0798_1_3P4W_1_desc_P_1	8.75	3.58921	PLC_A_32	0	244.288	315.04	295.84	19.2	12.6554	0.484412	0.0609446	201.992	0.240667	0.394419	67	8	5	16	0.835821	0	54	4	8	1	0	0	0	4	8	12	0	0	0	0	0	0	0	0	0	0	4	0	0	1	1	1	0	1	0	3	1	0	0	0	0	0	0	0	0	0	0	0	0	0.619813	0.831627
A_ASD0798_1_3P50_1_desc_P_1	1.53846	0.0368189	PLC_A_32	0	347.648	410.72	360.8	49.92	13.7463	0.415133	0.121543	400.014	0.185273	0.343722	62	8	8	12	0.790323	0	47	6	8	1	0	0	0	4	10	14	0	0	1	0	0	0	0	0	0	0	5	1	0	1	2	1	0	1	0	2	0	0	0	0	0	0	0	0	0	0	0	0	0	0.57286	0.864434
A_ASD0799_1_2Q72_1_desc_P_1	4.7619	0.083696	LEU_A_60	0	382.336	424.16	378.56	45.6	13.1027	0.39605	0.107507	455.216	0.340122	0.56241	76	11	11	17	0.736842	0	56	9	11	0	0	3	1	4	8	16	1	1	0	2	0	0	1	1	1	0	1	3	0	0	2	0	0	0	0	2	1	0	0	0	0	0	0	0	0	0	0	0	0	0.456643	0.566812
A_ASD0799_1_2QB4_1_desc_P_1	4.7619	0.0342877	LEU_A_60	0	373.312	418.88	379.68	39.2	13.2	0.406823	0.0935829	428.622	0.315483	0.619136	71	9	11	17	0.746479	0	53	9	9	0	0	2	1	4	8	15	1	1	0	2	0	0	1	0	1	0	1	3	0	0	2	0	0	0	0	2	1	0	0	0	0	0	0	0	0	0	0	0	0	0.478576	0.553041
A_ASD0877_1_1B2Y_1_desc_P_1	2.27273	0.0677048	AC1_A_19	0	283.584	475.68	417.92	57.76	16.2874	0.589483	0.121426	1378.35	0.157373	0.505836	98	13	20	23	0.673469	0	66	19	13	0	0	3	4	6	6	19	0	2	2	2	0	0	2	1	0	2	1	2	0	0	2	0	0	1	0	1	1	0	0	0	0	0	0	0	0	0	0	0	0	0.203503	0.0711025
A_ASD0877_1_1U33_1_desc_P_1	1.42857	0.0291715	LM2_A_50	0	219.392	371.2	339.2	32	14.854	0.618436	0.0862069	445.035	0.117131	0.211977	84	13	17	18	0.654762	0	55	16	13	0	0	3	4	5	4	16	0	2	1	2	0	0	2	1	0	2	0	2	0	0	2	0	0	1	0	1	0	0	0	0	0	0	0	0	0	0	0	0	0	0.10031	0.269049
A_ASD0877_1_1XCX_1_desc_P_1	1.14943	0.0924428	IAB_A_50	0	276.928	463.2	411.2	52	16.0449	0.593945	0.112263	1533.43	0.148365	0.485961	96	13	18	21	0.6875	0	66	17	13	0	0	3	4	6	5	18	0	2	2	2	0	0	2	1	0	2	1	2	0	0	2	0	0	1	0	1	0	0	0	0	0	0	0	0	0	0	0	0	0	0.237461	0.0892333
A_ASD0877_1_1XD0_1_desc_P_1	0.909091	0.138658	ARE_A_50	0	230.784	391.52	356.8	34.72	14.6315	0.618414	0.08868	494.956	0.122124	0.228963	85	12	19	18	0.647059	0	55	18	12	0	0	3	4	5	5	17	0	2	1	2	0	0	2	1	0	2	1	1	0	0	2	0	0	1	0	1	1	0	0	0	0	0	0	0	0	0	0	0	0	0.0899752	0.230501
A_ASD0877_1_1XD1_1_desc_P_1	0.775194	0.108814	6SA_A_50	0	235.264	386.88	352.16	34.72	14.2324	0.598749	0.0897436	473.992	0.131378	0.224897	83	14	18	19	0.626506	0	52	17	14	0	0	3	4	5	5	17	0	2	1	2	0	0	2	1	0	2	1	2	0	0	2	0	0	1	0	1	0	0	0	0	0	0	0	0	0	0	0	0	0	0.0382785	0.275854
A_ASD0877_1_1XH2_1_desc_P_1	25	17.6402	ARE_A_50	1	329.792	526.88	452	74.88	18.1813	0.548224	0.14212	1729.51	0.165899	0.297813	96	18	21	23	0.614583	0	59	19	18	0	0	4	4	7	5	20	0	2	1	3	0	0	2	1	0	2	1	2	0	0	2	0	1	1	0	2	0	0	0	0	0	0	0	0	0	0	0	0	0	0.078286	0.179843
A_ASD0877_1_3BAJ_1_desc_P_1	0.925926	0.132696	ARE_A_50	0	241.152	416.48	396.8	19.68	14.4941	0.658174	0.0472532	1166.54	0.172468	0.57756	95	11	19	21	0.694737	0	65	18	11	1	0	3	4	6	6	19	0	2	2	2	0	0	2	1	0	2	1	2	0	1	2	0	0	1	0	1	0	0	0	0	0	0	0	0	0	0	0	0	0	0.236611	0.064467
A_ASD0877_1_3OLD_1_desc_P_1	4.34783	0.0593648	ACI_A_50	0	215.616	365.12	333.44	31.68	14.4278	0.618581	0.086766	449.945	0.119695	0.209145	84	13	19	18	0.630952	0	53	18	13	0	0	3	4	5	5	17	0	2	1	2	0	0	2	1	0	2	1	2	0	0	2	0	0	1	0	1	0	0	0	0	0	0	0	0	0	0	0	0	0	0.0319014	0.260621
A_ASD0877_1_3OLE_1_desc_P_1	8.69565	0.170441	ACI_A_50	0	262.848	454.08	401.92	52.16	15.6869	0.611639	0.11487	1441.39	0.14124	0.480431	91	14	19	19	0.648352	0	59	18	14	0	0	3	4	6	4	17	0	2	2	2	0	0	2	1	0	2	1	1	0	0	2	0	0	1	0	1	0	0	0	0	0	0	0	0	0	0	0	0	0	0.118352	0.117585
A_ASD0877_2_1PPI_1_desc_P_1	2.27273	0.0878477	DAF_A_99	0	218.56	358.24	318.08	40.16	15.0572	0.582138	0.112104	409.549	0.123741	0.193517	81	12	19	19	0.62963	0	51	18	12	0	0	3	4	4	5	16	0	2	1	2	0	0	2	1	0	2	0	1	0	0	3	0	0	1	0	0	1	0	0	0	0	0	0	0	0	0	0	0	0	0.0266239	0.235161
A_ASD0877_2_1UA3_1_desc_P_1	3.0303	0.0924214	MLR_A_19	0	207.744	355.2	321.44	33.76	13.9657	0.618916	0.095045	373.3	0.124425	0.213765	87	16	19	19	0.62069	0	54	17	16	0	0	4	4	5	5	18	0	2	1	3	0	0	2	1	0	2	1	1	0	0	3	0	0	1	0	1	0	0	0	0	0	0	0	0	0	0	0	0	0	0	0.331161
A_ASD0877_2_3L2L_1_desc_P_1	54.1667	6.5764	GLC_A_70	0	330.88	537.6	470.88	66.72	17.2881	0.569246	0.124107	1742.12	0.116772	0.402126	107	19	20	26	0.64486	0	69	20	18	0	0	4	4	5	6	19	0	2	1	3	0	0	2	1	0	2	2	1	0	0	3	0	0	1	0	1	0	0	0	0	0	0	0	0	0	0	0	0	0	0.164554	0.108959
A_ASD0889_1_3ZG1_1_desc_P_1	5.88235	0.132873	PEG_A_11	0	240.832	343.36	282.08	61.28	13.4164	0.468509	0.178472	374.642	0.155398	0.64888	68	10	13	16	0.676471	0	46	12	10	0	0	3	4	2	5	14	1	1	0	0	0	0	0	3	0	3	0	3	0	0	0	0	0	1	0	1	1	0	0	0	0	0	0	0	0	0	0	0	0	0.163005	0.0435315
A_ASD0912_1_3K8S_1_desc_P_1	41.8605	9.24429	Z27_B_1	0	633.472	679.36	506.08	173.28	14.7241	0.31956	0.255064	1787.33	0.178465	0.42609	89	9	12	0	0.775281	0	66	11	9	3	0	2	3	4	10	19	0	2	0	1	0	1	0	1	2	0	3	3	1	2	0	0	1	0	0	0	2	0	0	0	0	0	0	0	0	0	0	0	0	0.697068	0.886473
A_ASD0997_1_3KGF_1_desc_P_1	57.1429	5.10387	GOL_B_26	0	357.376	402.88	308.48	94.4	11.7371	0.345272	0.234313	458.543	0.35857	0.469678	66	13	8	0	0.712121	0	47	6	13	0	0	1	1	4	9	15	3	0	1	0	0	0	0	1	0	0	0	3	1	0	0	0	1	2	0	0	3	0	0	0	0	0	0	0	0	0	0	0	0	0.347802	0.651473
A_ASD0997_1_3NUD_3_desc_P_1	25	0.440617	PO4_B_46	1	319.552	369.44	299.2	70.24	12.6681	0.374524	0.190126	292.792	0.283993	0.371985	64	7	13	0	0.6875	0	44	13	7	0	0	1	4	0	10	15	1	4	0	0	0	0	0	1	0	0	0	6	0	1	0	2	0	0	0	0	0	0	0	0	0	0	0	0	0	0	0	0	0	0.259179	0.670129
A_ASD0997_1_3NUE_2_desc_P_1	14.2857	0.392542	GOL_A_26	0	260.864	312.96	258.72	54.24	12.1918	0.396712	0.173313	206.864	0.388419	0.602891	63	10	11	0	0.68254	0	43	10	10	0	0	0	1	5	8	14	3	0	1	0	0	0	1	0	0	0	0	3	1	0	0	0	1	2	0	0	2	0	0	0	0	0	0	0	0	0	0	0	0	0.198748	0.269161
A_ASD0997_1_3RZI_1_desc_P_1	7.14286	0.141243	GOL_B_47	0	271.872	323.68	268.96	54.72	11.4612	0.395716	0.169056	220.107	0.401688	0.678651	63	10	10	0	0.698413	0	44	9	10	0	0	0	1	4	9	14	3	0	1	0	0	0	0	0	0	0	0	3	1	0	0	0	1	2	0	0	3	0	0	0	0	0	0	0	0	0	0	0	0	0.252362	0.414589
A_ASD1010_1_3ZLL_1_desc_P_1	92.8571	20.565	GOL_A_12	1	323.968	414.08	284.16	129.92	12.2246	0.350849	0.313756	569.082	0.176487	0.310596	67	9	10	8	0.731343	0	49	9	9	0	0	1	3	5	5	14	1	1	0	0	0	1	1	1	1	1	1	1	1	0	1	0	1	0	0	1	1	0	0	0	0	0	0	0	0	0	0	0	0	0.359319	0.293464
A_ASD1010_1_4B3U_1_desc_P_1	100	0.240506	CL_A_129	0	505.6	573.92	442.72	131.2	13.1757	0.350253	0.228603	1302.81	0.381045	0.406659	94	11	14	16	0.734043	0	69	14	11	0	0	2	4	6	5	17	1	1	0	1	0	1	1	1	1	2	1	1	1	0	1	0	1	0	0	2	1	0	0	0	0	0	0	0	0	0	0	0	0	0.512161	0.567706
A_ASD1010_5_4HO2_1_desc_P_1	71.4286	1.38236	SO4_A_30	0	476.864	543.2	404.16	139.04	13.0843	0.339015	0.255965	1019.92	0.337545	0.449385	81	11	16	10	0.691358	0	56	14	11	0	0	1	3	6	6	16	1	1	0	0	0	1	0	1	2	1	1	1	1	0	2	0	1	1	0	1	1	0	0	0	0	0	0	0	0	0	0	0	0	0.372604	0.37747
A_ASD1042_1_1THC_1_desc_P_1	12.9032	3.34237	FL9_A_13	1	70.848	129.6	85.6	44	9.70773	0.483288	0.339506	28.8972	0.189094	0.266165	19	3	5	0	0.684211	0	13	3	3	0	0	0	1	2	2	5	1	0	0	0	0	0	0	0	0	0	0	0	1	0	0	0	0	2	0	0	1	0	0	0	0	0	0	0	0	0	0	0	0	0	0.249846
A_ASD1194_1_4CLZ_1_desc_P_1	15.7895	6.0156	4DS_A_14	1	172.352	252	220	32	7.6	0.510583	0.126984	113.408	0.652163	0.912965	51	6	5	5	0.784314	0	39	5	6	1	0	0	1	0	9	10	0	0	0	0	0	0	0	0	0	0	0	3	1	1	2	0	0	0	0	0	3	0	0	0	0	0	0	0	0	0	0	0	0	0.395579	0.840571
A_ASD1194_1_4OYO_1_desc_P_1	22.7273	8.26007	1WC_A_50	1	313.024	391.84	375.84	16	11.5447	0.48027	0.040833	329.84	0.262233	0.442104	87	9	10	18	0.781609	0	68	10	9	0	0	0	1	0	16	17	2	0	0	0	0	0	0	0	0	0	1	4	1	1	5	0	0	0	0	0	3	0	0	0	0	0	0	0	0	0	0	0	0	0.536197	0.907838
A_ASD1194_1_4OYP_1_desc_P_1	100	8.07963	CL_A_501	1	382.592	467.36	392.32	75.04	15.2105	0.410171	0.160561	677.314	0.199449	0.317767	76	9	11	17	0.736842	0	55	11	9	1	0	1	2	1	11	15	2	1	0	1	0	0	0	0	1	0	0	2	1	1	4	0	0	0	0	0	2	0	0	0	0	0	0	0	0	0	0	0	0	0.44723	0.678602
A_ASD1196_1_4Q9M_1_desc_P_1	53.8462	18.1178	FPP_A_30	1	672.576	716.16	665.12	51.04	14.3443	0.395566	0.071269	1741.89	0.173129	0.492115	134	16	12	25	0.798507	0	104	12	16	2	0	0	1	6	20	27	3	0	0	0	0	0	1	0	1	1	2	7	0	2	3	1	0	2	0	2	2	0	0	0	0	0	0	0	0	0	0	0	0	0.815539	0.9904
A_ASD1207_1_1VM1_1_desc_P_1	33.3333	3.18386	MA4_A_30	0	428.16	493.6	431.68	61.92	11.7098	0.403288	0.125446	672.89	0.222173	0.405381	72	8	7	0	0.791667	0	56	8	8	0	0	1	0	1	16	18	3	0	0	0	0	0	0	1	1	0	6	4	0	0	0	1	0	0	0	0	2	0	0	0	0	0	0	0	0	0	0	0	0	0.635155	0.984475
O_ASD00020000_1KFL_desc_P_1	21.0526	1.01833	MSE_A_30	0	345.664	405.92	349.76	56.16	12.3418	0.40474	0.138352	453.653	0.395144	0.621718	68	10	14	9	0.661765	0	43	14	10	1	0	4	5	3	4	16	2	2	0	1	0	1	0	3	1	1	1	0	2	0	0	1	0	0	0	1	0	0	0	0	0	0	0	0	0	0	0	0	0	0.219495	0.143018
O_ASD00060000_3HRF_desc_P_1	85.1064	49.5262	ATP_A_13	1	594.304	631.68	512.16	119.52	17.8796	0.344712	0.18921	1351.57	0.201161	0.590042	89	16	15	3	0.696629	0	62	11	16	0	0	5	2	8	7	22	2	0	1	1	0	0	0	4	3	0	0	3	2	0	0	0	2	1	0	1	2	0	0	0	0	0	0	0	0	0	0	0	0	0.47268	0.237134
O_ASD00180000_2YDO_desc_P_1	100	56.6555	ADN_A_40	1	495.232	559.84	499.84	60	16.9517	0.403722	0.107173	954.797	0.181452	0.485805	78	10	10	18	0.769231	0	58	8	10	2	0	1	2	4	12	19	2	0	2	0	0	0	0	1	0	2	2	2	0	3	1	0	1	1	1	0	1	0	0	0	0	0	0	0	0	0	0	0	0	0.622885	0.780487
O_ASD00280000_1ECF_desc_P_1	100	62.0789	PIN_A_50	1	446.4	487.04	328.48	158.56	13.0843	0.294337	0.325558	623.237	0.16952	0.262785	70	15	17	5	0.628571	0	43	12	15	0	0	3	2	7	4	16	0	1	0	2	0	0	0	1	1	0	2	0	1	0	0	1	2	3	0	1	1	0	0	0	0	0	0	0	0	0	0	0	0	0.169105	0.309018
O_ASD00280000_1GPH_desc_P_1	100	55.4322	AMP_1_46	1	536.064	553.28	437.44	115.84	14.1138	0.326409	0.20937	1059.41	0.234964	0.350526	85	16	18	7	0.670588	0	56	12	16	1	0	3	1	11	5	20	0	1	0	3	0	0	0	0	1	0	3	0	0	1	0	0	4	4	0	2	1	0	0	0	0	0	0	0	0	0	0	0	0	0.362849	0.526202
O_ASD00310000_4CFH_desc_P_1	100	62.721	STU_A_15	1	666.112	684.64	571.2	113.44	16.8428	0.343005	0.165693	1903.57	0.163714	0.659428	97	15	9	6	0.752577	0	72	9	15	1	0	5	1	6	11	23	2	0	1	1	0	0	0	4	3	0	1	2	1	2	1	0	0	1	0	1	3	0	0	0	0	0	0	0	0	0	0	0	0	0.670217	0.745652
O_ASD00330000_4KH0_desc_P_1	100	40.5833	PAL_A_40	1	537.6	643.36	580.16	63.2	16.0848	0.431667	0.0982343	1624.57	0.261683	0.88981	113	16	32	6	0.619469	0	69	28	16	0	0	2	8	7	4	21	1	6	0	0	0	0	2	2	0	2	0	1	0	0	0	2	1	4	0	0	0	0	0	0	0	0	0	0	0	0	0	0	0	0.245239	0.0603236
O_ASD00370000_1I2D_desc_P_1	100	65.4021	ADX_A_57	1	548.288	619.2	533.92	85.28	15.105	0.389518	0.137726	1332.47	0.175943	0.468905	121	14	26	22	0.677686	0	80	25	14	2	0	1	5	6	11	23	2	2	1	1	0	0	2	0	2	3	1	1	0	3	2	0	0	1	0	0	2	0	0	0	0	0	0	0	0	0	0	0	0	0.402685	0.596514
O_ASD00450000_4E26_desc_P_1	87.1795	59.5332	734_A_80	1	405.824	457.92	334.56	123.36	14.2042	0.329759	0.269392	586.609	0.21589	0.369547	60	11	7	13	0.75	0	44	4	11	1	0	1	1	9	6	17	1	0	2	1	0	1	1	0	2	1	1	1	0	0	1	0	2	1	1	0	1	0	0	0	0	0	0	0	0	0	0	0	0	0.480197	0.399884
O_ASD00510000_3H30_desc_P_1	96.875	50.0476	RFZ_A_33	1	538.112	592.48	493.28	99.2	15.7328	0.366675	0.167432	1093.56	0.206221	0.544561	90	16	11	6	0.711111	0	63	10	16	1	0	2	3	6	8	19	0	1	2	2	0	0	1	0	2	1	2	1	1	1	1	0	1	0	0	0	3	0	0	0	0	0	0	0	0	0	0	0	0	0.481659	0.464077
O_ASD00570000_2E9N_desc_P_1	66.129	60.2027	76A_A_10	1	580.864	626.72	550.72	76	15.0838	0.379242	0.121266	1049.25	0.152124	0.276406	102	18	14	11	0.715686	0	72	11	18	1	0	4	1	8	9	22	1	0	1	1	0	1	0	3	3	0	1	4	1	0	1	0	1	0	0	2	2	0	0	0	0	0	0	0	0	0	0	0	0	0.52864	0.803728
O_ASD00680000_1A52_desc_P_1	100	66.355	EST_A_1	1	520.256	527.52	502.88	24.64	11.4333	0.38664	0.0467091	782.785	0.318197	0.603763	98	11	11	12	0.785714	0	73	10	11	4	0	1	3	2	16	22	1	1	0	0	0	0	0	1	1	1	1	7	1	5	1	0	0	1	1	0	0	0	0	0	0	0	0	0	0	0	0	0	0	0.694653	0.989182
O_ASD00690000_3CSM_desc_P_1	100	68.8856	TSA_A_40	1	342.272	360.48	344.64	15.84	8.43801	0.402767	0.0439414	286.361	0.637804	0.812273	78	10	17	0	0.679487	0	53	15	10	0	0	2	4	4	7	17	0	2	1	0	0	0	0	2	0	0	3	2	2	0	0	0	1	2	0	0	2	0	0	0	0	0	0	0	0	0	0	0	0	0.282013	0.531543
O_ASD00740000_3F6X_desc_P_1	100	60.8007	IHH_A_1	1	621.888	661.6	534.08	127.52	15.7683	0.343522	0.192745	1352.72	0.154994	0.401821	92	17	10	7	0.728261	0	67	8	17	0	0	3	2	6	10	21	3	0	1	1	0	0	0	2	1	0	1	2	2	1	1	0	2	1	0	1	2	0	0	0	0	0	0	0	0	0	0	0	0	0.574078	0.780551
O_ASD00770000_4PCU_desc_P_1	71.875	58.0704	VAL_A_11	1	527.36	555.84	464.64	91.2	11.503	0.352427	0.164076	921.991	0.361716	0.668076	85	16	23	4	0.623529	0	53	16	16	0	0	2	1	15	5	23	0	0	2	1	0	0	1	1	5	1	3	0	0	0	0	1	2	3	0	2	1	0	0	0	0	0	0	0	0	0	0	0	0	0.237903	0.333711
O_ASD00840000_1W0F_desc_P_1	100	59.4174	HEM_A_15	1	1089.73	1229.28	1109.12	120.16	18.1373	0.407118	0.0977483	5550.68	0.0884006	0.648661	199	26	33	32	0.723618	0	141	30	26	2	0	1	5	10	22	38	3	5	1	0	0	1	0	1	3	0	5	3	0	1	5	3	2	3	1	0	1	0	0	0	0	0	0	0	0	0	0	0	0	0.812803	0.937571
O_ASD00850000_1EGY_desc_P_1	31.9444	23.3697	HEM_A_41	1	287.552	366.88	213.44	153.44	13.3985	0.296906	0.418229	324.833	0.177246	0.28167	48	8	6	0	0.75	0	33	6	8	1	0	1	0	4	6	11	2	0	0	0	0	1	0	1	0	0	0	2	0	0	0	2	1	2	0	0	0	0	0	0	0	0	0	0	0	0	0	0	0	0.360814	0.193217
O_ASD00870000_2XCV_desc_P_1	100	32.9433	IMP_A_14	1	935.232	1067.2	852	215.2	17.893	0.364402	0.201649	7600.57	0.608471	0.682365	143	30	28	33	0.65035	0	93	20	30	0	0	6	4	11	4	25	0	1	3	5	0	0	0	1	0	1	0	1	2	1	1	0	1	2	0	5	1	0	0	0	0	0	0	0	0	0	0	0	0	0.524765	0.267665
O_ASD00880000_1EHI_desc_P_1	40.4762	36.8895	ADP_A_78	1	199.168	267.84	165.92	101.92	12.2246	0.333226	0.380526	124.975	0.165536	0.429832	32	9	7	3	0.5625	0	18	5	9	0	0	2	1	6	0	9	0	0	1	1	0	0	1	1	1	0	0	0	1	0	0	0	2	0	0	1	0	0	0	0	0	0	0	0	0	0	0	0	0	0	0.0248719
O_ASD00910000_3TAK_desc_P_1	92.8571	21.3299	GOL_A_29	1	176.128	278.88	254.88	24	11.4891	0.578852	0.0860585	166.711	0.240403	0.314606	54	10	10	4	0.685185	0	37	8	9	0	0	0	1	8	5	14	1	0	1	0	0	0	0	0	3	0	1	1	1	0	0	0	1	2	0	1	2	0	0	0	0	0	0	0	0	0	0	0	0	0.138199	0.267351
O_ASD01000000_1Q0B_desc_P_1	92.8571	48.7888	ADP_A_60	1	486.144	650.88	491.84	159.04	19.7626	0.404687	0.244346	2667.73	0.102669	0.271504	104	19	25	6	0.634615	0	64	20	19	1	0	0	3	13	3	19	1	2	0	0	0	1	2	0	2	0	0	0	1	0	1	1	2	6	0	0	0	0	0	0	0	0	0	0	0	0	0	0	0	0.226896	0.217387
O_ASD01170000_2V0I_desc_P_1	93.9394	47.8279	UD1_A_14	1	928.128	1076.32	826.08	250.24	17.902	0.35602	0.232496	5278.83	0.171151	0.544265	150	31	24	17	0.666667	0	100	19	31	0	0	3	1	18	11	33	3	0	1	1	0	0	3	2	7	0	2	3	1	0	0	0	0	3	0	4	3	0	0	0	0	0	0	0	0	0	0	0	0	0.560076	0.463107
O_ASD01170000_2YQS_desc_P_1	100	57.2947	UD1_A_10	1	867.264	993.12	786.56	206.56	15.6614	0.362778	0.207991	4683.09	0.200764	0.419173	140	23	19	20	0.707143	0	96	19	23	2	0	3	1	13	14	31	2	0	2	1	0	1	3	2	4	0	2	0	1	2	3	2	1	0	0	2	3	0	0	0	0	0	0	0	0	0	0	0	0	0.644863	0.792178
O_ASD01200000_3F9M_desc_P_1	100	64	GLC_A_50	1	235.2	333.92	316.32	17.6	12.6238	0.537959	0.0527072	238.972	0.186978	0.245337	84	18	13	3	0.654762	0	54	12	18	0	0	3	1	12	3	19	0	0	2	1	0	1	1	2	4	0	1	0	1	0	1	1	1	3	0	0	0	0	0	0	0	0	0	0	0	0	0	0	0	0.12158	0.477719
O_ASD01210000_1NE7_desc_P_1	100	41.9368	AGP_A_22	1	619.904	621.28	521.28	100	18.5989	0.336362	0.160958	1687.29	0.252741	0.288028	106	18	23	20	0.660377	0	68	19	18	1	0	1	4	10	10	25	1	1	1	1	0	0	0	0	4	2	2	1	1	1	2	3	1	3	0	1	0	0	0	0	0	0	0	0	0	0	0	0	0	0.394509	0.610912
O_ASD01230000_4LZ8_desc_P_1	100	46.2849	GLU_A_80	1	300.608	427.52	404.8	22.72	15.2473	0.538642	0.0531437	504.735	0.132652	0.42603	99	17	18	13	0.707071	0	69	12	17	1	0	2	2	8	7	19	0	1	0	0	0	0	0	2	1	0	1	4	1	1	0	1	1	3	0	3	0	0	0	0	0	0	0	0	0	0	0	0	0	0.321467	0.13581
O_ASD01240000_3MW9_desc_P_1	100	53.2895	GLU_A_60	1	233.472	271.68	196.48	75.2	9.68297	0.336623	0.276796	145.042	0.444694	0.50507	40	6	8	0	0.65	0	24	9	6	1	0	1	3	3	3	10	0	1	2	1	0	0	0	0	1	0	0	0	2	1	0	1	0	0	0	0	1	0	0	0	0	0	0	0	0	0	0	0	0	0.0664638	0.11344
O_ASD01260000_1UXU_desc_P_1	23.8095	60.4061	NAP_A_50	1	63.04	95.84	65.28	30.56	5.87878	0.414213	0.318865	10.0166	0.392589	0.591697	16	1	2	4	0.8125	0	13	2	1	0	0	0	1	3	2	6	0	1	1	0	0	1	0	0	0	0	0	0	0	0	1	1	0	1	0	0	0	0	0	0	0	0	0	0	0	0	0	0	0	0.286851	0.2612
O_ASD01290000_1BO5_desc_P_1	100	66.3527	GOL_O_60	1	122.304	183.36	170.24	13.12	9.09505	0.556777	0.0715532	47.0918	0.249445	0.380036	52	9	12	17	0.653846	0	34	9	9	0	0	3	1	6	2	12	0	1	0	1	0	0	2	2	1	0	0	0	0	0	1	0	0	2	1	1	0	0	0	0	0	0	0	0	0	0	0	0	0	0	0.49395
O_ASD01450000_1CZA_desc_P_1	100	65.8849	GLC_N_92	1	240.128	336.16	326.24	9.92	10.9909	0.543443	0.0295098	240.08	0.20384	0.272449	80	17	16	3	0.625	0	49	14	17	0	0	3	1	13	3	20	0	0	2	1	0	0	1	2	5	0	1	0	1	0	1	1	2	3	0	0	0	0	0	0	0	0	0	0	0	0	0	0	0	0.0496696	0.59728
O_ASD01590000_1JQH_desc_P_1	68.75	46.2746	ANP_A_30	1	420.032	474.4	364.48	109.92	13.7346	0.347097	0.231703	698.835	0.320564	0.447517	74	12	10	0	0.702703	0	49	10	12	3	0	2	3	4	8	17	1	2	1	1	0	0	0	1	2	0	0	2	1	3	0	0	0	1	0	0	2	0	0	0	0	0	0	0	0	0	0	0	0	0.36884	0.425397
O_ASD01590000_1JQH_desc_P_2	18.75	18.351	ANP_A_30	1	175.424	223.84	162.56	61.28	10.9252	0.370668	0.273767	85.6662	0.212448	0.493914	34	5	7	3	0.676471	0	23	6	5	0	0	1	1	3	2	7	0	0	0	0	0	0	0	1	2	0	0	0	1	0	1	0	1	0	0	0	1	0	0	0	0	0	0	0	0	0	0	0	0	0.0798113	0.0531165
O_ASD01720000_4JA8_desc_P_1	79.2208	48.3839	NDP_A_50	1	576.192	782.24	624.32	157.92	17.8258	0.433411	0.201882	6649.04	0.162149	0.523051	127	26	27	8	0.629921	0	78	22	26	1	0	3	4	14	8	29	3	1	2	1	0	1	0	2	2	2	2	1	1	0	0	1	2	7	0	0	1	0	0	0	0	0	0	0	0	0	0	0	0	0.278552	0.194009
O_ASD01760000_1LDN_desc_P_1	100	25.0979	OXM_A_35	1	294.272	354.24	259.36	94.88	12.7122	0.352545	0.267841	293.691	0.29885	0.609571	46	6	11	3	0.652174	0	30	10	6	0	0	0	2	4	3	9	1	1	2	0	0	0	1	0	0	1	1	1	0	0	0	0	0	1	0	0	0	0	0	0	0	0	0	0	0	0	0	0	0	0.128345	0.0457197
O_ASD01820000_4MQS_desc_P_1	100	77.4058	IXO_A_50	1	303.936	373.12	368.64	4.48	10.4995	0.485155	0.0120069	337.057	0.271249	0.319125	99	16	11	42	0.777778	0	76	6	16	1	0	1	0	8	7	16	2	0	2	1	0	1	0	0	0	0	1	0	0	0	1	0	1	0	2	4	1	0	0	0	0	0	0	0	0	0	0	0	0	0.523517	0.824358
O_ASD01860000_1DO8_desc_P_1	41.6667	45.8459	NAD_A_60	1	359.744	444.16	306.24	137.92	12.98	0.340509	0.310519	809.013	0.348726	0.524975	61	10	11	6	0.672131	0	41	10	10	0	0	1	1	6	3	11	0	1	3	1	0	0	0	0	1	0	0	2	0	0	0	1	1	0	0	1	0	0	0	0	0	0	0	0	0	0	0	0	0	0.227329	0.0547006
O_ASD01940000_1S9J_desc_P_1	100	68.955	ATP_A_53	1	628.352	617.6	535.04	82.56	14.686	0.340599	0.133679	1086.96	0.14731	0.35056	90	18	14	2	0.666667	0	58	12	18	2	0	4	3	10	8	25	2	0	2	3	0	1	1	1	4	1	0	2	2	2	0	0	2	0	0	0	2	0	0	0	0	0	0	0	0	0	0	0	0	0.421412	0.765741
O_ASD01950000_1S9J_desc_P_1	100	68.955	ATP_A_53	1	628.352	617.6	535.04	82.56	14.686	0.340599	0.133679	1086.96	0.14731	0.35056	90	18	14	2	0.666667	0	58	12	18	2	0	4	3	10	8	25	2	0	2	3	0	1	1	1	4	1	0	2	2	2	0	0	2	0	0	0	2	0	0	0	0	0	0	0	0	0	0	0	0	0.421412	0.765741
O_ASD02000000_3D2P_desc_P_1	71.9512	58.623	COA_A_43	1	679.488	740.8	573.76	167.04	19.7666	0.33776	0.225486	2063.69	0.100296	0.212648	108	18	19	14	0.675926	0	73	17	18	0	0	2	1	9	11	23	3	1	1	1	0	1	1	1	3	0	2	3	0	0	1	0	1	1	1	1	1	0	0	0	0	0	0	0	0	0	0	0	0	0.458917	0.611405
O_ASD02080000_1FCJ_desc_P_1	100	35.287	SO4_A_20	1	212.928	243.2	183.68	59.52	8.81816	0.345056	0.244737	112.159	0.516132	0.576611	42	7	11	3	0.619048	0	25	9	7	1	0	0	0	8	3	11	0	0	2	0	0	0	1	0	2	0	0	0	0	1	1	1	0	3	0	0	0	0	0	0	0	0	0	0	0	0	0	0	0	0	0.122811
O_ASD02090000_1QW7_desc_P_1	38.4615	41.6624	KCX_A_16	1	126.272	183.36	141.92	41.44	9.50789	0.449569	0.226003	48.3233	0.219693	0.45276	29	2	8	21	0.655172	0	19	8	2	0	0	1	5	0	2	8	0	1	0	1	0	0	0	0	0	4	0	0	0	0	1	0	0	0	1	0	0	0	0	0	0	0	0	0	0	0	0	0	0	0	0.156152
O_ASD02160000_1G6H_desc_P_1	52.381	71.1821	ADP_A_30	1	148.352	218.24	172.96	45.28	11.4473	0.46635	0.207478	77.0242	0.103134	0.155588	49	8	12	4	0.653061	0	32	9	8	0	0	1	1	7	5	14	1	0	1	0	0	0	0	1	3	0	1	0	1	0	2	1	2	1	0	0	0	0	0	0	0	0	0	0	0	0	0	0	0	0	0.391346
O_ASD02200000_1T9S_desc_P_1	97.3684	39.1482	5GP_A_85	1	734.848	821.12	663.2	157.92	20.6029	0.361	0.192323	3819.37	0.153816	0.527945	109	19	16	31	0.697248	0	75	14	19	1	0	3	5	4	9	21	1	0	0	2	0	0	2	1	0	5	2	2	0	1	2	0	0	1	0	1	1	0	0	0	0	0	0	0	0	0	0	0	0	0.552957	0.462694
O_ASD02210000_2QEY_desc_P_1	20.8333	64.1441	GTP_A_26	1	35.52	66.4	13.12	53.28	6.32456	0.147748	0.80241	3.52413	0.176437	0.511792	5	1	2	0	0.4	0	2	2	1	0	0	1	1	0	0	2	0	1	0	1	0	0	0	0	0	0	0	0	0	0	0	0	0	0	0	0	0	0	0	0	0	0	0	0	0	0	0	0	0	0	7.48182e-07
O_ASD02230000_1PSD_desc_P_1	100	57.0203	NAD_A_45	1	1052.03	1162.88	953.92	208.96	24.5927	0.362696	0.179692	7777.32	0.0922119	0.331159	164	29	32	13	0.652439	0	105	29	29	1	0	3	5	13	14	35	1	1	2	2	0	0	0	1	4	3	5	1	1	1	1	2	3	2	0	2	3	0	0	0	0	0	0	0	0	0	0	0	0	0.588159	0.5
O_ASD02280000_1IBS_desc_P_1	48.7179	52.7544	ABM_A_10	1	137.088	197.76	145.12	52.64	9.21738	0.423436	0.266181	57.4057	0.181972	0.268695	36	7	9	3	0.555556	0	20	9	7	0	0	2	4	1	0	7	0	2	0	1	0	0	1	1	0	1	0	0	1	0	0	0	0	0	0	0	0	0	0	0	0	0	0	0	0	0	0	0	0	0	0.653961
O_ASD02370000_2QMW_desc_P_1	100	65.7712	EDO_A_32	1	73.856	112.8	85.12	27.68	7.08802	0.461005	0.24539	16.4988	0.41732	0.56525	23	3	4	3	0.782609	0	18	2	3	0	0	0	0	3	5	8	0	0	1	0	0	0	0	0	0	0	2	1	0	0	1	1	1	1	0	0	0	0	0	0	0	0	0	0	0	0	0	0	0	0.238026	0.530319
O_ASD02440000_1BZC_desc_P_1	63.0435	73.3592	TPI_A_90	1	296.448	363.84	321.92	41.92	12.9677	0.43437	0.115215	297.899	0.208991	0.384602	72	9	15	12	0.694444	0	49	13	9	1	0	3	2	7	4	16	1	1	0	2	0	1	2	1	2	0	1	0	1	0	1	0	1	0	0	1	1	0	0	0	0	0	0	0	0	0	0	0	0	0.272486	0.330676
O_ASD02490000_2BU2_desc_P_1	59.5745	52.386	ATP_A_13	1	364.8	407.68	319.04	88.64	10.9909	0.349825	0.217425	417.165	0.302386	0.450115	75	11	13	8	0.693333	0	52	12	11	0	0	1	2	6	6	15	1	1	1	0	0	0	0	1	3	0	0	3	1	0	1	1	1	0	0	1	0	0	0	0	0	0	0	0	0	0	0	0	0	0.305552	0.472568
O_ASD02490000_2BU2_desc_P_2	44.6809	43.6996	ATP_A_13	1	325.568	377.6	296.16	81.44	12.6554	0.363869	0.215678	367.58	0.262992	0.401332	61	9	12	0	0.672131	0	41	11	9	0	0	1	1	5	7	14	2	1	1	1	0	0	0	0	3	0	0	4	0	0	0	0	0	1	0	0	1	0	0	0	0	0	0	0	0	0	0	0	0	0.217716	0.415662
O_ASD02500000_1A3W_desc_P_1	100	38.7502	PGA_A_10	1	361.536	448.96	379.84	69.12	12.3093	0.420251	0.153956	504.294	0.166097	0.218566	70	17	14	4	0.614286	0	41	10	17	2	0	4	3	7	6	20	2	2	1	2	0	0	0	2	1	0	0	0	1	2	1	0	3	2	0	0	1	0	0	0	0	0	0	0	0	0	0	0	0	0.1001	0.610941
O_ASD02500000_2VGB_desc_P_1	100	45.0022	PGA_A_58	1	294.528	378.08	314.56	63.52	11.4612	0.427206	0.168007	337.223	0.179006	0.249406	70	16	14	3	0.628571	0	43	10	16	1	0	4	3	7	6	20	2	2	1	2	0	0	0	2	1	0	0	0	1	2	1	0	3	2	0	0	1	0	0	0	0	0	0	0	0	0	0	0	0	0.0825978	0.532124
O_ASD02500000_3GQY_desc_P_1	100	42.6988	TLA_A_54	1	329.152	397.76	312.48	85.28	13.3507	0.379739	0.214401	368.639	0.256123	0.407458	54	14	12	0	0.592593	0	31	8	14	1	0	4	3	7	4	18	2	2	1	2	0	0	0	2	1	0	0	0	1	2	0	0	3	2	0	0	0	0	0	0	0	0	0	0	0	0	0	0	0	0.00503105	0.25102
O_ASD02500000_4HYV_desc_P_1	100	48.2425	PEP_A_10	1	284.032	380.64	317.28	63.36	14.9345	0.446823	0.166456	334.815	0.172748	0.242727	68	17	17	3	0.573529	0	38	12	17	1	0	4	3	7	6	20	2	2	1	2	0	0	0	2	1	0	0	0	1	2	1	0	3	2	0	0	1	0	0	0	0	0	0	0	0	0	0	0	0	0	0.406296
O_ASD02580000_1H78_desc_P_1	86.3636	59.6496	DCP_A_15	1	438.4	486.56	334.88	151.68	13.6587	0.305547	0.31174	663.371	0.226117	0.329002	70	7	16	15	0.7	0	48	15	7	0	0	3	4	4	5	16	1	1	1	2	0	0	0	1	0	3	1	1	0	0	0	1	0	1	0	2	1	0	0	0	0	0	0	0	0	0	0	0	0	0.359877	0.273493
O_ASD02580000_4R1R_desc_P_1	93.0233	61.3149	GDP_A_76	1	471.168	527.04	422.24	104.8	12.9368	0.358462	0.198846	817.141	0.199391	0.249206	86	13	16	0	0.709302	0	56	14	13	3	0	2	0	9	11	22	1	0	1	0	0	2	0	2	1	0	2	3	0	1	0	3	3	2	0	0	1	0	0	0	0	0	0	0	0	0	0	0	0	0.427832	0.782533
O_ASD02670000_2BXG_desc_P_1	100	54.5607	IBP_A_20	1	496.768	544.8	520.32	24.48	13.4462	0.418964	0.0449339	819.791	0.248888	0.299421	102	14	17	7	0.715686	0	70	15	14	3	0	1	3	8	11	23	1	2	1	0	0	3	0	1	2	0	1	5	1	0	3	0	1	0	0	1	1	0	0	0	0	0	0	0	0	0	0	0	0	0.489884	0.796631
O_ASD02910000_1MAU_desc_P_1	100	69.262	LTN_A_39	1	315.648	376.48	322.88	53.6	12.98	0.409165	0.142371	292.132	0.20143	0.345084	62	9	11	11	0.709677	0	43	9	9	1	0	1	1	6	7	15	0	0	0	1	0	0	3	0	1	1	2	0	0	1	1	0	1	0	0	1	3	0	0	0	0	0	0	0	0	0	0	0	0	0.324814	0.470212
O_ASD02980000_3BEO_desc_P_1	21.2121	6.96841	UD1_A_37	1	856.896	999.68	877.92	121.76	20.8806	0.409814	0.121799	5001.68	0.235753	0.396081	134	17	28	20	0.679104	0	89	27	17	1	0	4	8	5	9	26	0	3	0	3	0	0	0	1	2	4	1	1	1	1	1	3	1	2	0	0	2	0	0	0	0	0	0	0	0	0	0	0	0	0.579276	0.587207
O_ASD03000000_1JLS_desc_P_1	100	49.2837	URA_B_30	1	223.36	289.92	220.32	69.6	12.3806	0.394556	0.240066	172.127	0.218699	0.421899	44	6	7	8	0.727273	0	31	6	6	1	0	1	0	4	4	9	2	0	0	1	0	1	0	0	1	0	0	0	0	1	1	0	0	0	0	2	0	0	0	0	0	0	0	0	0	0	0	0	0	0.273051	0.192627
O_ASD03140000_1NYM_desc_P_1	92.8571	59.4792	CXB_A_30	1	297.408	359.52	281.92	77.6	12.9615	0.379169	0.215843	268.101	0.178643	0.203621	64	17	14	5	0.578125	0	37	10	17	0	0	3	3	8	3	17	1	1	2	0	0	0	0	3	2	0	0	0	2	1	0	1	3	0	0	1	0	0	0	0	0	0	0	0	0	0	0	0	0	0	0.541112
O_ASD03160000_2YDO_desc_P_1	100	56.6555	ADN_A_40	1	495.232	559.84	499.84	60	16.9517	0.403722	0.107173	954.797	0.181452	0.485805	78	10	10	18	0.769231	0	58	8	10	2	0	1	2	4	12	19	2	0	2	0	0	0	0	1	0	2	2	2	0	3	1	0	1	1	1	0	1	0	0	0	0	0	0	0	0	0	0	0	0	0.622885	0.780487
O_ASD03160000_4N6H_desc_P_1	100	64.8175	EJ4_A_12	1	610.304	711.52	595.04	116.48	13.541	0.389996	0.163706	2092.78	0.260274	0.385927	111	15	17	29	0.738739	0	81	14	15	1	0	1	2	7	10	20	0	0	1	1	0	1	0	0	1	1	2	1	1	1	2	0	0	2	2	2	2	0	0	0	0	0	0	0	0	0	0	0	0	0.600993	0.848419
O_ASD03320000_3K5V_desc_P_1	98.5294	57.2254	STI_A_2	1	919.872	1052.32	962.08	90.24	24.5569	0.418354	0.0857534	6304.82	0.112168	0.276113	175	24	22	26	0.748571	0	129	20	24	2	0	3	2	4	20	29	2	0	1	1	0	0	0	2	1	1	4	4	1	2	3	0	0	1	0	1	5	0	0	0	0	0	0	0	0	0	0	0	0	0.804905	0.866866
O_ASD03450000_2JFZ_desc_P_1	100	58.3823	DGL_A_12	1	228.672	328.96	308.16	20.8	12.1194	0.539043	0.0632296	223.214	0.220443	0.693516	70	10	16	5	0.685714	0	46	12	10	2	0	2	1	14	4	21	1	0	1	1	0	2	0	1	4	1	0	0	0	0	0	1	1	5	0	1	2	0	0	0	0	0	0	0	0	0	0	0	0	0.197434	0.0683678
O_ASD03490000_3KF7_desc_P_1	97.8723	62.7051	L9G_A_40	1	589.12	620.48	516.8	103.68	16.0897	0.350896	0.167096	1226.05	0.24277	0.405947	101	17	14	0	0.70297	0	71	13	17	0	0	3	2	6	15	26	3	0	1	2	0	0	0	1	3	1	1	6	1	1	0	0	1	1	0	0	4	0	0	0	0	0	0	0	0	0	0	0	0	0.490796	0.796429
O_ASD03580000_1PFK_desc_P_1	35.2941	11.6994	FBP_A_32	0	622.528	682.88	563.2	119.68	15.4713	0.361879	0.175258	1993.81	0.100545	0.229429	116	19	27	9	0.62931	0	71	25	19	1	0	3	5	10	5	23	1	5	0	2	0	0	0	1	6	0	0	0	0	1	2	1	2	1	0	1	0	0	0	0	0	0	0	0	0	0	0	0	0	0.309162	0.655595
O_ASD03720000_1IE9_desc_P_1	100	65.2187	VDX_A_50	1	856	906.56	852.96	53.6	20.2781	0.398579	0.0591246	4089.2	0.139409	0.276422	150	15	16	46	0.826667	0	122	11	15	2	0	0	3	8	18	29	2	1	0	0	0	1	0	0	0	2	2	7	0	1	2	0	3	0	1	4	3	0	0	0	0	0	0	0	0	0	0	0	0	0.990512	0.991541
O_ASD03910000_1B86_desc_P_1	25	28.5985	HEM_A_14	1	67.584	108.48	71.52	36.96	7.92969	0.423295	0.340708	11.8811	0.218646	0.519886	16	0	2	9	0.875	0	14	2	0	0	0	0	2	0	4	6	0	0	0	0	0	0	0	0	0	2	0	2	0	0	1	0	0	0	0	0	1	0	0	0	0	0	0	0	0	0	0	0	0	0.460614	0.826959
O_ASD03910000_1IWH_desc_P_1	31.9444	33.06	HEM_A_14	1	148.288	227.2	156.64	70.56	11.8996	0.422529	0.310563	110.368	0.178079	0.193328	27	1	2	12	0.888889	0	24	2	1	0	0	0	2	0	4	6	0	0	0	0	0	0	0	0	0	2	0	2	0	0	1	0	0	0	0	0	1	0	0	0	0	0	0	0	0	0	0	0	0	0.618487	0.940687
O_ASD04090000_2RD5_desc_P_1	100	59.5398	NLG_A_20	1	353.216	385.6	334.24	51.36	10.4384	0.378511	0.133195	367.193	0.432211	0.645122	67	10	15	3	0.656716	0	44	13	10	0	0	1	2	8	8	19	1	1	2	1	0	0	0	0	4	0	2	2	1	0	1	0	1	1	0	0	2	0	0	0	0	0	0	0	0	0	0	0	0	0.212591	0.433659
O_ASD04270000_3MQE_desc_P_1	100	53.1785	416_B_70	1	628.224	675.84	616.48	59.36	15.8089	0.392522	0.0878314	1484.81	0.179444	0.510543	108	14	14	30	0.777778	0	83	10	14	1	0	0	1	6	15	22	1	1	0	0	0	0	0	0	1	0	0	5	0	1	3	0	2	0	1	3	4	0	0	0	0	0	0	0	0	0	0	0	0	0.731081	0.958546
O_ASD04430000_4D09_desc_P_1	71.4286	53.6998	788_A_1	1	480.896	586.08	500.8	85.28	16.005	0.416556	0.145509	1546.25	0.335873	0.627177	90	15	12	27	0.722222	0	65	10	15	0	0	2	2	5	10	19	1	0	0	2	0	0	2	0	0	2	3	3	0	1	2	0	0	1	0	2	0	0	0	0	0	0	0	0	0	0	0	0	0	0.479003	0.358825
O_ASD04590000_1B38_desc_P_1	100	53.9203	ATP_A_38	1	763.2	813.28	720.16	93.12	18.4348	0.377442	0.114499	2445.98	0.166897	0.430089	126	21	19	14	0.690476	0	87	18	21	0	0	6	4	8	10	28	2	0	1	3	0	0	2	3	3	1	1	2	3	0	2	0	0	1	0	1	3	0	0	0	0	0	0	0	0	0	0	0	0	0.563694	0.69203
O_ASD04660000_1B4K_desc_P_1	100	30.9105	SO4_A_40	1	247.424	330.88	302.24	28.64	12.2246	0.488619	0.0865571	213.152	0.195933	0.660802	66	13	13	25	0.712121	0	47	7	12	0	0	2	3	8	3	16	0	1	0	2	0	0	0	0	1	0	0	0	2	0	2	0	2	0	0	5	1	0	0	0	0	0	0	0	0	0	0	0	0	0.28248	0.0904667
O_ASD04660000_3OBK_desc_P_1	100	45.5676	PBG_A_36	1	478.656	639.52	565.12	74.4	16.1839	0.472256	0.116337	1653.25	0.35646	0.443635	106	19	17	29	0.716981	0	74	12	19	1	0	3	4	8	8	23	1	1	0	3	0	0	1	0	1	0	0	0	3	1	4	1	2	0	0	4	1	0	0	0	0	0	0	0	0	0	0	0	0	0.468581	0.345994
O_ASD04740000_1S9J_desc_P_1	100	68.955	ATP_A_53	1	628.352	617.6	535.04	82.56	14.686	0.340599	0.133679	1086.96	0.14731	0.35056	90	18	14	2	0.666667	0	58	12	18	2	0	4	3	10	8	25	2	0	2	3	0	1	1	1	4	1	0	2	2	2	0	0	2	0	0	0	2	0	0	0	0	0	0	0	0	0	0	0	0	0.421412	0.765741
O_ASD04840000_2QIS_desc_P_1	100	45.8239	RIS_A_90	1	567.04	609.6	524.96	84.64	13.0843	0.370316	0.138845	1486.95	0.238089	0.621168	86	23	12	8	0.627907	0	54	9	23	0	0	8	4	6	2	20	0	1	0	8	0	0	2	0	0	0	0	1	3	0	1	0	2	1	0	1	0	0	0	0	0	0	0	0	0	0	0	0	0	0.278946	0.305389
O_ASD04870000_2IJM_desc_P_1	100	48.186	ATP_A_69	1	788.544	888	720	168	16.2037	0.36523	0.189189	4197.84	0.36338	0.554348	118	19	17	7	0.694915	0	80	17	19	2	0	4	2	10	10	26	1	1	1	1	0	1	1	3	6	0	1	3	1	1	2	0	1	0	0	0	2	0	0	0	0	0	0	0	0	0	0	0	0	0.575412	0.63193
O_ASD04920000_3M3F_desc_P_1	100	47.8815	GLU_A_40	1	276.416	375.52	352.96	22.56	14.2941	0.510766	0.0600767	279.174	0.14131	0.244546	86	15	19	10	0.674419	0	57	13	15	1	0	1	2	9	6	18	0	1	0	0	0	0	0	1	1	0	0	4	1	1	0	1	2	4	0	2	0	0	0	0	0	0	0	0	0	0	0	0	0	0.210971	0.260297
O_ASD05210000_1UKI_desc_P_1	100	57.993	537_A_0	1	404.352	480.16	370.24	109.92	14.9987	0.366255	0.228924	823.612	0.257587	0.773596	65	7	6	0	0.8	0	50	6	7	2	0	2	1	2	10	15	2	0	1	1	0	0	0	1	1	0	2	2	1	2	0	0	0	0	0	0	2	0	0	0	0	0	0	0	0	0	0	0	0	0.622111	0.544548
O_ASD05270000_1NID_desc_P_1	33.3333	2.25764	NO2_A_50	1	48.192	81.44	50.08	31.36	6.27375	0.415671	0.385069	7.19818	0.436524	0.856927	13	3	0	1	0.769231	0	10	0	3	0	0	1	1	0	2	4	1	0	0	1	0	0	0	0	0	1	0	1	0	0	0	0	0	0	0	0	0	0	0	0	0	0	0	0	0	0	0	0	0	0.128545	0.0221426
O_ASD05550000_4JX6_desc_P_1	57.6923	25.8167	KCX_A_71	1	262.528	308.96	233.12	75.84	10.6207	0.355193	0.245469	204.717	0.35457	0.607326	45	7	9	6	0.666667	0	30	8	7	0	0	1	2	4	5	12	1	2	0	1	0	0	1	0	2	0	0	1	0	1	1	0	0	1	0	0	1	0	0	0	0	0	0	0	0	0	0	0	0	0.144116	0.134902
O_ASD05660000_3UVV_desc_P_1	100	62.4688	T3_A_501	1	641.856	738.72	731.52	7.2	18.4608	0.455878	0.00974659	1819.03	0.118907	0.180431	144	20	22	20	0.722222	0	101	20	20	3	0	0	4	9	18	31	3	3	1	0	0	0	0	0	3	1	4	3	0	4	3	0	2	3	0	0	1	0	0	0	0	0	0	0	0	0	0	0	0	0.602336	0.570278
O_ASD06120000_2Q3E_desc_P_1	28.7671	53.7037	NAI_A_50	1	190.08	234.24	156	78.24	10.6883	0.328283	0.334016	97.5462	0.290906	0.378764	32	7	7	0	0.625	0	19	5	7	1	0	3	1	3	3	10	1	0	0	1	0	1	0	2	0	0	0	1	1	0	1	0	1	1	0	0	0	0	0	0	0	0	0	0	0	0	0	0	0	0	0.0902201
O_ASD06390000_4M1O_desc_P_1	88.3721	54.4498	GDP_B_20	1	425.728	632.48	495.68	136.8	18.6633	0.465725	0.216291	4050.05	0.222902	0.547481	108	20	21	5	0.638889	0	68	19	20	1	0	2	3	8	9	22	3	0	1	1	0	1	0	1	2	0	1	2	3	0	1	0	3	1	0	0	2	0	0	0	0	0	0	0	0	0	0	0	0	0.202519	0.0783607
O_ASD06680000_4AVB_desc_P_1	76.4045	66.2869	ACO_A_13	1	735.808	805.44	716.16	89.28	21.4364	0.389319	0.110846	2657.59	0.113892	0.202826	135	18	26	3	0.696296	0	91	23	18	3	0	1	4	9	12	26	2	4	1	0	0	0	1	1	3	0	3	1	0	3	1	1	1	2	0	1	1	0	0	0	0	0	0	0	0	0	0	0	0	0.565636	0.646425
O_ASD06710000_2PIO_desc_P_1	100	71.9234	DHT_A_93	1	521.088	553.76	547.2	6.56	11.7235	0.420044	0.0118463	749.383	0.217051	0.413191	104	12	9	16	0.807692	0	78	8	12	6	0	0	1	4	17	22	0	1	1	0	0	0	1	0	1	0	1	5	0	6	3	0	0	1	1	0	1	0	0	0	0	0	0	0	0	0	0	0	0	0.761118	0.991043
O_ASD06820000_3IRH_desc_P_1	89.1304	49.6769	DTP_B_45	1	633.856	693.6	580.32	113.28	16.7284	0.366216	0.163322	1633.54	0.131292	0.446232	111	24	23	31	0.63964	0	71	16	24	0	0	4	4	10	3	21	0	1	0	3	0	0	1	1	1	3	0	1	0	0	1	0	3	1	0	4	1	0	0	0	0	0	0	0	0	0	0	0	0	0.3459	0.38327
O_ASD06990000_3PDT_desc_P_1	100	66.6176	ADP_A_81	1	521.664	570.88	464	106.88	18.2866	0.355785	0.18722	1074.61	0.182584	0.218747	95	14	16	9	0.694737	0	66	15	14	0	0	5	3	3	11	22	3	1	0	2	0	0	1	3	1	0	0	4	2	0	2	1	0	1	0	0	1	0	0	0	0	0	0	0	0	0	0	0	0	0.423293	0.575895
O_ASD07300000_2OUN_desc_P_1	100	50.5598	AMP_A_40	1	651.648	742.72	634.88	107.84	17.4723	0.389707	0.145196	2302.8	0.209189	0.299046	108	18	19	36	0.703704	0	75	14	18	1	0	4	5	7	8	24	1	0	0	3	0	0	1	1	1	5	1	2	0	1	2	0	1	1	0	3	1	0	0	0	0	0	0	0	0	0	0	0	0	0.533162	0.65871
O_ASD07450000_1W25_desc_P_1	40	74.335	C2E_A_50	1	178.048	255.84	198.4	57.44	9.40638	0.445723	0.224515	111.328	0.16419	0.332773	48	8	9	6	0.645833	0	31	9	8	0	0	2	3	3	3	11	0	1	1	1	0	0	0	1	2	1	0	2	1	0	1	0	0	0	0	0	0	0	0	0	0	0	0	0	0	0	0	0	0	0.00846899	0.371288
O_ASD07450000_2V0N_desc_P_1	91.6667	79.5525	GAV_A_60	1	268.864	405.28	277.76	127.52	16.8808	0.413235	0.314647	776.667	0.0559116	0.149881	67	11	12	9	0.656716	0	44	12	11	0	0	4	6	3	4	17	0	2	1	3	0	0	0	1	2	1	1	1	3	0	2	0	0	0	0	0	0	0	0	0	0	0	0	0	0	0	0	0	0	0.110236	0.158953
O_ASD07730000_4AG3_desc_P_1	100	64.1712	NDP_A_70	1	961.728	1096.32	971.04	125.28	19.1708	0.403873	0.114273	6789.49	0.141626	0.409179	182	33	41	10	0.648352	0	116	32	33	1	0	2	2	20	12	36	3	1	3	2	0	0	0	0	6	0	4	1	1	1	1	1	3	7	0	1	1	0	0	0	0	0	0	0	0	0	0	0	0	0.547635	0.610014
O_ASD07760000_3BEU_desc_P_1	57.1429	4.47094	SO4_A_24	1	214.72	284.64	252.8	31.84	10.5224	0.470939	0.111861	146.951	0.240448	0.610122	74	15	16	6	0.621622	0	45	13	15	1	0	2	0	12	4	18	1	0	0	2	0	2	1	0	4	0	0	0	0	0	0	0	2	1	1	2	2	0	0	0	0	0	0	0	0	0	0	0	0	0.00115919	0.14894
O_ASD07820000_1NH8_desc_P_1	37.8378	31.8168	AMP_A_28	1	211.008	267.68	168.8	98.88	11.2143	0.319988	0.369396	147.867	0.294977	0.522468	26	6	5	2	0.653846	0	17	3	6	0	0	1	0	4	4	9	1	0	0	1	0	0	0	0	1	0	0	2	0	0	0	0	2	0	0	1	1	0	0	0	0	0	0	0	0	0	0	0	0	0.0382812	0.0460276
O_ASD07820000_1NH8_desc_P_2	32.4324	46.4326	AMP_A_28	1	114.816	173.44	145.44	28	8.55102	0.506689	0.161439	43.1532	0.311532	0.387952	38	4	10	0	0.684211	0	26	8	4	0	0	0	1	4	3	8	0	1	0	0	0	0	0	0	2	0	0	1	0	0	0	0	1	1	0	0	2	0	0	0	0	0	0	0	0	0	0	0	0	0.0477841	0.373822
O_ASD07990000_2Q6H_desc_P_1	100	77.531	LEU_A_60	1	195.968	264.48	263.68	0.8	8.85438	0.53821	0.0030248	128.347	0.298056	0.389284	80	15	12	18	0.7125	0	57	8	15	0	0	1	0	10	10	21	3	0	3	0	0	0	1	1	2	0	1	2	0	0	2	0	2	1	0	1	2	0	0	0	0	0	0	0	0	0	0	0	0	0.248432	0.458685
O_ASD08000000_3EPS_desc_P_1	100	47.3214	ATP_A_16	1	830.272	916.64	867.04	49.6	20.1633	0.417714	0.0541107	4076.93	0.247903	0.416135	158	24	25	8	0.702532	0	106	25	24	3	0	5	6	7	13	31	1	3	2	3	0	0	0	2	2	0	2	1	3	3	0	2	0	0	0	3	4	0	0	0	0	0	0	0	0	0	0	0	0	0.641793	0.735987
O_ASD08170000_3VP0_desc_P_1	100	49.2976	GLN_A_60	1	300.672	413.76	330.72	83.04	15.5177	0.439974	0.200696	637.277	0.18305	0.354322	64	12	12	13	0.6875	0	43	8	12	1	0	1	1	10	3	15	0	0	2	0	0	2	1	1	1	0	0	1	1	0	1	0	1	0	0	3	1	0	0	0	0	0	0	0	0	0	0	0	0	0.241719	0.160669
O_ASD08770000_3BAY_desc_P_1	95.3704	85.3775	ARE_A_50	1	695.04	708.16	536.64	171.52	14.7675	0.30884	0.242205	2754.3	0.140496	0.275622	113	21	19	31	0.663717	0	75	17	21	0	0	4	6	8	8	26	2	1	1	2	0	0	1	2	2	4	1	2	1	0	0	0	1	1	2	2	1	0	0	0	0	0	0	0	0	0	0	0	0	0.431369	0.686436
O_ASD08820000_4M15_desc_P_1	95.2381	48.5512	ADP_A_70	1	596.352	671.04	521.44	149.6	13.1818	0.349753	0.222938	1726.13	0.285953	0.364732	100	17	13	14	0.71	0	70	12	17	1	0	2	2	8	9	21	1	1	1	1	0	1	1	1	4	0	1	1	1	1	3	0	1	0	0	0	2	0	0	0	0	0	0	0	0	0	0	0	0	0.504068	0.747095
O_ASD09120000_3K8S_desc_P_1	100	54.1501	Z27_B_1	1	947.648	987.2	893.28	93.92	22.553	0.377051	0.0951378	3696.54	0.073079	0.207865	157	22	18	22	0.757962	0	116	16	22	3	0	1	3	6	19	29	2	1	0	0	0	1	1	1	1	1	4	6	1	2	4	0	1	1	0	1	1	0	0	0	0	0	0	0	0	0	0	0	0	0.841863	0.938874
O_ASD09490000_1F3L_desc_P_1	100	62.2008	SAH_A_52	1	631.04	764.64	748.64	16	18.6247	0.474544	0.0209249	2211.15	0.150714	0.205843	151	27	26	17	0.682119	0	101	21	27	2	0	5	4	11	12	32	0	2	0	2	0	1	1	3	4	1	3	3	1	2	1	0	2	1	1	2	2	0	0	0	0	0	0	0	0	0	0	0	0	0.485297	0.428847
O_ASD09690000_4BZB_desc_P_1	100	52.7427	DGT_A_70	1	775.872	843.68	698.24	145.44	20.5329	0.359977	0.172388	2899.77	0.131241	0.20572	132	22	33	33	0.598485	0	79	31	22	0	0	5	10	11	2	28	1	4	2	5	0	0	2	0	4	5	0	1	1	0	0	0	1	0	0	2	0	0	0	0	0	0	0	0	0	0	0	0	0	0.310267	0.580462
O_ASD09970000_3NV8_desc_P_1	100	41.9572	PEP_A_46	1	323.072	361.76	297.28	64.48	11.2925	0.368067	0.17824	285.271	0.313839	0.538567	57	7	13	9	0.649123	0	35	14	7	1	0	5	5	3	2	15	0	3	0	2	0	1	1	3	1	1	0	0	1	0	0	1	0	0	1	0	0	0	0	0	0	0	0	0	0	0	0	0	0	0.160061	0.152627
O_ASD10090000_4KKE_desc_P_1	100	61.7206	AMP_A_50	1	537.856	565.76	491.04	74.72	12.3288	0.365183	0.13207	883.346	0.148849	0.493684	87	12	16	0	0.689655	0	59	15	12	1	0	2	1	9	11	23	3	0	2	1	0	0	2	1	3	0	2	2	1	2	0	0	2	0	0	0	2	0	0	0	0	0	0	0	0	0	0	0	0	0.42969	0.805667
O_ASD10100000_1G2V_desc_P_1	100	69.7004	TTP_A_35	1	510.528	580.64	463.04	117.6	12.9306	0.362793	0.202535	1586.21	0.451363	0.575764	104	18	22	0	0.634615	0	65	21	18	0	0	3	3	13	5	24	1	2	1	2	0	0	2	1	6	0	0	3	1	0	0	1	3	1	0	0	0	0	0	0	0	0	0	0	0	0	0	0	0	0.250304	0.23968
O_ASD10430000_1HS6_desc_P_1	100	59.5204	BES_A_90	1	581.824	656.96	556.64	100.32	17.5682	0.382686	0.152703	1897.11	0.161704	0.255147	108	19	20	30	0.666667	0	71	17	19	1	0	5	4	8	6	23	1	1	1	1	0	0	2	4	2	2	0	0	1	1	1	1	0	0	0	3	2	0	0	0	0	0	0	0	0	0	0	0	0	0.390537	0.539065
O_ASD11000000_2A5T_desc_P_1	100	49.0323	GLU_B_20	1	277.76	367.36	338.24	29.12	11.1786	0.487097	0.0792683	315.947	0.335293	0.488851	73	15	19	13	0.630137	0	46	12	15	0	0	3	2	9	3	17	0	1	1	1	0	0	0	2	1	1	1	1	0	0	0	0	2	3	0	2	1	0	0	0	0	0	0	0	0	0	0	0	0	0.088532	0.320781
O_ASD11540000_2CKP_desc_P_1	100	73.2084	ADP_A_14	1	464.384	506.24	415.2	91.04	14.2267	0.357635	0.179836	763.474	0.217241	0.391757	81	11	13	6	0.716049	0	58	12	11	0	0	2	4	4	9	19	0	4	1	1	0	0	1	1	1	0	3	3	0	1	1	1	1	0	0	0	0	0	0	0	0	0	0	0	0	0	0	0	0	0.445029	0.643939
O_ASD11760000_3CEV_desc_P_1	100	57.4549	ARG_B_40	1	336.96	413.76	367.52	46.24	11.0345	0.436277	0.111756	494.382	0.465348	0.490088	86	21	19	12	0.581395	0	49	16	21	0	0	7	3	9	3	22	0	0	2	5	0	0	0	2	3	3	0	1	0	1	0	1	3	1	0	0	0	0	0	0	0	0	0	0	0	0	0	0	0	0	0.471959
O_ASD11900000_3TAK_desc_P_1	92.8571	21.3299	GOL_A_29	1	176.128	278.88	254.88	24	11.4891	0.578852	0.0860585	166.711	0.240403	0.314606	54	10	10	4	0.685185	0	37	8	9	0	0	0	1	8	5	14	1	0	1	0	0	0	0	0	3	0	1	1	1	0	0	0	1	2	0	1	2	0	0	0	0	0	0	0	0	0	0	0	0	0.138199	0.267351
O_ASD11940000_4OYX_desc_P_1	100	60.2091	APC_A_50	1	648.832	689.92	578.56	111.36	19.6977	0.356678	0.16141	1522.38	0.145293	0.34724	122	19	22	17	0.680328	0	83	20	19	0	0	2	4	10	14	30	3	2	2	2	0	0	1	0	4	0	2	1	2	0	5	0	1	2	0	0	3	0	0	0	0	0	0	0	0	0	0	0	0	0.465208	0.58135
O_ASD11960000_4Q9M_desc_P_1	43.1818	11.453	2ZW_A_30	1	584.512	630.4	544.8	85.6	18.256	0.372824	0.135787	1369.8	0.169079	0.238684	101	12	19	14	0.693069	0	68	19	12	2	0	2	4	7	9	22	1	3	2	1	0	0	0	1	4	1	1	2	0	2	2	0	0	0	1	1	0	0	0	0	0	0	0	0	0	0	0	0	0	0.466843	0.629567
O_ASD11990000_2YDO_desc_P_1	100	56.6555	ADN_A_40	1	495.232	559.84	499.84	60	16.9517	0.403722	0.107173	954.797	0.181452	0.485805	78	10	10	18	0.769231	0	58	8	10	2	0	1	2	4	12	19	2	0	2	0	0	0	0	1	0	2	2	2	0	3	1	0	1	1	1	0	1	0	0	0	0	0	0	0	0	0	0	0	0	0.622885	0.780487
O_ASD12070000_1NYM_desc_P_1	92.8571	59.4792	CXB_A_30	1	297.408	359.52	281.92	77.6	12.9615	0.379169	0.215843	268.101	0.178643	0.203621	64	17	14	5	0.578125	0	37	10	17	0	0	3	3	8	3	17	1	1	2	0	0	0	0	3	2	0	0	0	2	1	0	1	3	0	0	1	0	0	0	0	0	0	0	0	0	0	0	0	0	0	0.541112
O_ASD12110000_1LDN_desc_P_1	100	25.0979	OXM_A_35	1	294.272	354.24	259.36	94.88	12.7122	0.352545	0.267841	293.691	0.29885	0.609571	46	6	11	3	0.652174	0	30	10	6	0	0	0	2	4	3	9	1	1	2	0	0	0	1	0	0	1	1	1	0	0	0	0	0	1	0	0	0	0	0	0	0	0	0	0	0	0	0	0	0	0.128345	0.0457197
O_ASD12150000_3BAY_desc_P_1	95.3704	85.3775	ARE_A_50	1	695.04	708.16	536.64	171.52	14.7675	0.30884	0.242205	2754.3	0.140496	0.275622	113	21	19	31	0.663717	0	75	17	21	0	0	4	6	8	8	26	2	1	1	2	0	0	1	2	2	4	1	2	1	0	0	0	1	1	2	2	1	0	0	0	0	0	0	0	0	0	0	0	0	0.431369	0.686436
O_ASD12170000_1RZM_desc_P_1	71.4286	49.392	E4P_A_80	1	194.752	243.52	172.48	71.04	9.3723	0.354256	0.291721	108.814	0.376566	0.674624	31	5	7	4	0.612903	0	17	8	5	1	0	2	4	1	1	8	0	2	0	1	0	1	0	1	0	1	0	0	1	0	0	1	0	0	0	0	0	0	0	0	0	0	0	0	0	0	0	0	0	0	0.0138596
O_ASD12340000_3C32_desc_P_1	100	45.784	KAI_A_40	1	508.544	572.32	509.44	62.88	15.4039	0.400705	0.109869	1024.28	0.35288	0.563403	95	20	21	9	0.642105	0	60	14	20	1	0	3	1	10	7	21	1	1	1	1	0	0	0	2	2	0	0	2	0	2	0	1	3	2	0	2	1	0	0	0	0	0	0	0	0	0	0	0	0	0.286122	0.326849
